product_code,division,category,product,variant
PROD26225SA,Household & Cleaning,Cleaning Supplies,Dishwashing Liquid,Each
PROD234053SA,Fresh Food,Fruits & Vegetables,Butternut Squash,kg
PROD709570SA,Household & Cleaning,Cleaning Supplies,Dishwashing Liquid,Each
PROD619176SA,Grocery Essentials,Snacks & Confectionery,Dark Chocolate Bar,ml
PROD98246SA,Fresh Food,Bakery,Sourdough Loaf,kg
PROD631262SA,Fresh Food,Dairy & Eggs,Amasi,g
PROD750800SA,Grocery Essentials,Snacks & Confectionery,Rice Cakes,Each
PROD439898SA,Household & Cleaning,Cleaning Supplies,Surface Wipes,kg
PROD291704SA,Fresh Food,Meat & Poultry,Droëwors,g
PROD356778SA,Fresh Food,Dairy & Eggs,Gouda Slices,L
PROD800581SA,Fresh Food,Dairy & Eggs,Cheddar Cheese,L
PROD398382SA,Fresh Food,Bakery,Whole Wheat Bread,g
PROD633052SA,Fresh Food,Fruits & Vegetables,Red Onions,L
PROD562275SA,Fresh Food,Bakery,Flatbread,g
PROD578856SA,Fresh Food,Meat & Poultry,Beef Mince,L
PROD928463SA,Household & Cleaning,Cleaning Supplies,Bin Liners,L
PROD738797SA,Grocery Essentials,Snacks & Confectionery,Rice Cakes,g
PROD810620SA,Fresh Food,Bakery,Baguette,L
PROD908573SA,Fresh Food,Bakery,Baguette,g
PROD475435SA,Fresh Food,Meat & Poultry,Boerewors Roll,Each
PROD388162SA,Fresh Food,Fruits & Vegetables,Tomatoes on Vine,L
PROD735911SA,Fresh Food,Dairy & Eggs,Butter Block,Each
PROD638720SA,Household & Cleaning,Cleaning Supplies,Dishwashing Liquid,Each
PROD764544SA,Fresh Food,Dairy & Eggs,Amasi,kg
PROD397887SA,Fresh Food,Dairy & Eggs,Cream Cheese Tub,L
PROD230283SA,Household & Cleaning,Cleaning Supplies,Surface Wipes,Each
PROD240174SA,Fresh Food,Fruits & Vegetables,Banana Bunch,g
PROD280746SA,Fresh Food,Fruits & Vegetables,Mixed Peppers,g
PROD918938SA,Fresh Food,Dairy & Eggs,Maas,Each
PROD687277SA,Fresh Food,Fruits & Vegetables,Butternut Squash,ml
PROD149811SA,Fresh Food,Meat & Poultry,Stewing Beef,L
PROD781177SA,Fresh Food,Dairy & Eggs,Cheddar Cheese,Pack
PROD783300SA,Grocery Essentials,Snacks & Confectionery,Peanut Butter Pretzels,Pack
PROD418801SA,Fresh Food,Meat & Poultry,Droëwors,L
PROD534277SA,Fresh Food,Dairy & Eggs,Greek Yoghurt,ml
PROD902931SA,Fresh Food,Bakery,Sourdough Loaf,g
PROD830555SA,Fresh Food,Dairy & Eggs,Greek Yoghurt,Each
PROD66613SA,Fresh Food,Meat & Poultry,Droëwors,ml
PROD490785SA,Fresh Food,Meat & Poultry,Droëwors,Pack
PROD902592SA,Fresh Food,Fruits & Vegetables,Gem Squash,g
PROD714825SA,Household & Cleaning,Cleaning Supplies,Dishwashing Liquid,Pack
PROD116970SA,Fresh Food,Fruits & Vegetables,Red Onions,L
PROD475763SA,Fresh Food,Meat & Poultry,Lamb Chops,g
PROD524902SA,Household & Cleaning,Cleaning Supplies,Glass Cleaner Spray,kg
PROD912804SA,Grocery Essentials,Snacks & Confectionery,Dark Chocolate Bar,Each
PROD638551SA,Fresh Food,Fruits & Vegetables,Gem Squash,kg
PROD799550SA,Fresh Food,Dairy & Eggs,Cottage Cheese,kg
PROD963110SA,Grocery Essentials,Snacks & Confectionery,Energy Bar,g
PROD512340SA,Grocery Essentials,Snacks & Confectionery,Biscuit Assortment,g
PROD921406SA,Fresh Food,Bakery,Rye Bread,L
PROD252572SA,Fresh Food,Dairy & Eggs,Free Range Eggs,Pack
PROD767460SA,Fresh Food,Bakery,Whole Wheat Bread,ml
PROD803035SA,Fresh Food,Bakery,Muffin Pack,kg
PROD992842SA,Fresh Food,Dairy & Eggs,Cream Cheese Tub,Pack
PROD553306SA,Fresh Food,Dairy & Eggs,Butter Block,Pack
PROD974036SA,Fresh Food,Meat & Poultry,Pork Sausages,Pack
PROD747581SA,Household & Cleaning,Cleaning Supplies,Bleach Concentrate,L
PROD459381SA,Fresh Food,Meat & Poultry,Biltong Sliced,Pack
PROD259947SA,Fresh Food,Meat & Poultry,Beef Mince,kg
PROD22056SA,Fresh Food,Bakery,Rye Bread,Pack
PROD617024SA,Grocery Essentials,Snacks & Confectionery,Rice Cakes,kg
PROD742225SA,Fresh Food,Bakery,Whole Wheat Bread,Each
PROD70674SA,Fresh Food,Bakery,Baguette,g
PROD539131SA,Fresh Food,Fruits & Vegetables,Baby Spinach,kg
PROD224643SA,Fresh Food,Fruits & Vegetables,Sweet Potatoes,Pack
PROD604201SA,Fresh Food,Dairy & Eggs,Maas,ml
PROD846721SA,Fresh Food,Dairy & Eggs,Cream Cheese Tub,ml
PROD101639SA,Fresh Food,Dairy & Eggs,Full Cream Milk,Each
PROD444154SA,Fresh Food,Meat & Poultry,Biltong Sliced,ml
PROD706073SA,Fresh Food,Meat & Poultry,Chicken Breast Fillet,Each
PROD63556SA,Household & Cleaning,Cleaning Supplies,Dishwashing Liquid,ml
PROD839482SA,Household & Cleaning,Cleaning Supplies,Floor Polish,g
PROD199448SA,Fresh Food,Dairy & Eggs,Cheddar Cheese,Pack
PROD442374SA,Fresh Food,Meat & Poultry,Lamb Chops,kg
PROD261941SA,Fresh Food,Fruits & Vegetables,Sweet Potatoes,g
PROD102664SA,Fresh Food,Meat & Poultry,Turkey Rashers,g
PROD876638SA,Household & Cleaning,Cleaning Supplies,Surface Wipes,g
PROD174389SA,Fresh Food,Bakery,Baguette,ml
PROD224130SA,Fresh Food,Meat & Poultry,Stewing Beef,ml
PROD397382SA,Fresh Food,Bakery,Croissant,g
PROD971524SA,Fresh Food,Meat & Poultry,Boerewors Roll,ml
PROD730429SA,Fresh Food,Fruits & Vegetables,Mixed Peppers,Each
PROD162316SA,Grocery Essentials,Snacks & Confectionery,Popcorn Multipack,kg
PROD61324SA,Fresh Food,Fruits & Vegetables,Butternut Squash,Pack
PROD63918SA,Household & Cleaning,Cleaning Supplies,Surface Wipes,Each
PROD52578SA,Fresh Food,Fruits & Vegetables,Banana Bunch,Pack
PROD964047SA,Fresh Food,Meat & Poultry,Turkey Rashers,Pack
PROD532496SA,Fresh Food,Dairy & Eggs,Free Range Eggs,g
PROD623939SA,Fresh Food,Dairy & Eggs,Full Cream Milk,g
PROD423389SA,Household & Cleaning,Cleaning Supplies,Bleach Concentrate,g
PROD607040SA,Grocery Essentials,Snacks & Confectionery,Rice Cakes,Pack
PROD85965SA,Fresh Food,Bakery,Scone Selection,ml
PROD592683SA,Household & Cleaning,Cleaning Supplies,Bin Liners,Pack
PROD214181SA,Fresh Food,Fruits & Vegetables,Avocado Pack,Each
PROD250280SA,Household & Cleaning,Cleaning Supplies,Floor Polish,L
PROD704318SA,Fresh Food,Meat & Poultry,Lamb Chops,Each
PROD331535SA,Fresh Food,Fruits & Vegetables,Sweet Potatoes,g
PROD651332SA,Fresh Food,Bakery,Flatbread,Pack
PROD563750SA,Fresh Food,Bakery,Whole Wheat Bread,kg
PROD138890SA,Grocery Essentials,Snacks & Confectionery,Peanut Butter Pretzels,L
PROD387477SA,Fresh Food,Bakery,Baguette,L
PROD874244SA,Fresh Food,Dairy & Eggs,Cream Cheese Tub,Pack
PROD641390SA,Household & Cleaning,Cleaning Supplies,Glass Cleaner Spray,Each
PROD700305SA,Grocery Essentials,Snacks & Confectionery,Potato Crisps,Pack
PROD984539SA,Fresh Food,Fruits & Vegetables,Baby Spinach,kg
PROD932931SA,Fresh Food,Fruits & Vegetables,Baby Spinach,g
PROD162998SA,Household & Cleaning,Cleaning Supplies,Surface Wipes,L
PROD220861SA,Fresh Food,Fruits & Vegetables,Broccoli Head,Each
PROD720892SA,Fresh Food,Fruits & Vegetables,Butternut Squash,Each
PROD512262SA,Fresh Food,Fruits & Vegetables,Gem Squash,L
PROD665095SA,Fresh Food,Bakery,Whole Wheat Bread,ml
PROD3717SA,Fresh Food,Fruits & Vegetables,Banana Bunch,L
PROD169430SA,Fresh Food,Dairy & Eggs,Butter Block,Each
PROD739945SA,Fresh Food,Meat & Poultry,Turkey Rashers,ml
PROD117308SA,Grocery Essentials,Snacks & Confectionery,Potato Crisps,g
PROD572092SA,Household & Cleaning,Cleaning Supplies,Laundry Detergent,g
PROD579364SA,Fresh Food,Fruits & Vegetables,Broccoli Head,kg
PROD43860SA,Fresh Food,Meat & Poultry,Lamb Chops,L
PROD942590SA,Fresh Food,Fruits & Vegetables,Banana Bunch,L
PROD699330SA,Fresh Food,Dairy & Eggs,Cheddar Cheese,g
PROD927082SA,Fresh Food,Fruits & Vegetables,Gem Squash,ml
PROD970733SA,Grocery Essentials,Snacks & Confectionery,Trail Mix,kg
PROD924231SA,Fresh Food,Dairy & Eggs,Greek Yoghurt,ml
PROD772343SA,Fresh Food,Bakery,Croissant,L
PROD279766SA,Fresh Food,Meat & Poultry,Pork Sausages,kg
PROD401124SA,Household & Cleaning,Cleaning Supplies,Dishwashing Liquid,g
PROD209267SA,Fresh Food,Meat & Poultry,Pork Sausages,ml
PROD860394SA,Fresh Food,Fruits & Vegetables,Avocado Pack,kg
PROD692094SA,Fresh Food,Dairy & Eggs,Free Range Eggs,kg
PROD292136SA,Fresh Food,Meat & Poultry,Biltong Sliced,g
PROD672642SA,Fresh Food,Fruits & Vegetables,Red Onions,Pack
PROD347235SA,Fresh Food,Meat & Poultry,Turkey Rashers,g
PROD187241SA,Fresh Food,Bakery,Ciabatta Roll,Pack
PROD113668SA,Fresh Food,Fruits & Vegetables,Banana Bunch,Pack
PROD763934SA,Fresh Food,Meat & Poultry,Biltong Sliced,L
PROD536265SA,Fresh Food,Meat & Poultry,Droëwors,g
PROD199312SA,Fresh Food,Meat & Poultry,Droëwors,L
PROD1773SA,Fresh Food,Bakery,Brioche Bun,Pack
PROD381913SA,Grocery Essentials,Snacks & Confectionery,Rice Cakes,ml
PROD653425SA,Fresh Food,Bakery,Rye Bread,L
PROD754717SA,Household & Cleaning,Cleaning Supplies,Dishwashing Liquid,L
PROD699287SA,Grocery Essentials,Snacks & Confectionery,Peanut Butter Pretzels,ml
PROD731076SA,Fresh Food,Fruits & Vegetables,Mixed Peppers,L
PROD201158SA,Grocery Essentials,Snacks & Confectionery,Trail Mix,ml
PROD710219SA,Household & Cleaning,Cleaning Supplies,Fabric Softener,Each
PROD596750SA,Fresh Food,Dairy & Eggs,Maas,L
PROD874224SA,Fresh Food,Meat & Poultry,Turkey Rashers,g
PROD220392SA,Fresh Food,Fruits & Vegetables,Avocado Pack,ml
PROD686508SA,Grocery Essentials,Snacks & Confectionery,Rusks,L
PROD463638SA,Fresh Food,Meat & Poultry,Stewing Beef,Each
PROD496171SA,Fresh Food,Dairy & Eggs,Amasi,Each
PROD297571SA,Fresh Food,Dairy & Eggs,Full Cream Milk,Pack
PROD351470SA,Household & Cleaning,Cleaning Supplies,Bin Liners,g
PROD235552SA,Fresh Food,Dairy & Eggs,Butter Block,kg
PROD48458SA,Fresh Food,Dairy & Eggs,Free Range Eggs,kg
PROD891014SA,Fresh Food,Meat & Poultry,Droëwors,g
PROD929181SA,Fresh Food,Meat & Poultry,Chicken Drumsticks,Each
PROD753240SA,Grocery Essentials,Snacks & Confectionery,Rice Cakes,Each
PROD419066SA,Fresh Food,Meat & Poultry,Stewing Beef,kg
PROD936021SA,Fresh Food,Dairy & Eggs,Free Range Eggs,g
PROD184430SA,Fresh Food,Meat & Poultry,Pork Sausages,Each
PROD52657SA,Grocery Essentials,Snacks & Confectionery,Popcorn Multipack,Pack
PROD478634SA,Fresh Food,Dairy & Eggs,Full Cream Milk,kg
PROD586075SA,Fresh Food,Meat & Poultry,Turkey Rashers,Pack
PROD642412SA,Fresh Food,Fruits & Vegetables,Sweet Potatoes,Each
PROD870914SA,Grocery Essentials,Snacks & Confectionery,Dried Mango Strips,Pack
PROD779779SA,Fresh Food,Meat & Poultry,Lamb Chops,ml
PROD788295SA,Fresh Food,Meat & Poultry,Boerewors Roll,kg
PROD803013SA,Household & Cleaning,Cleaning Supplies,Glass Cleaner Spray,Pack
PROD287936SA,Fresh Food,Meat & Poultry,Pork Sausages,ml
PROD245884SA,Fresh Food,Bakery,Ciabatta Roll,L
PROD936406SA,Fresh Food,Fruits & Vegetables,Red Onions,Pack
PROD158157SA,Fresh Food,Bakery,Croissant,kg
PROD740734SA,Fresh Food,Meat & Poultry,Lamb Chops,kg
PROD427398SA,Fresh Food,Bakery,Brioche Bun,L
PROD435970SA,Grocery Essentials,Snacks & Confectionery,Popcorn Multipack,g
PROD408396SA,Fresh Food,Dairy & Eggs,Gouda Slices,Pack
PROD898348SA,Household & Cleaning,Cleaning Supplies,All-Purpose Cleaner,Pack
PROD6182SA,Fresh Food,Meat & Poultry,Stewing Beef,L
PROD894905SA,Fresh Food,Fruits & Vegetables,Mixed Peppers,ml
PROD838722SA,Grocery Essentials,Snacks & Confectionery,Energy Bar,Pack
PROD230080SA,Fresh Food,Dairy & Eggs,Cream Cheese Tub,L
PROD30434SA,Fresh Food,Meat & Poultry,Stewing Beef,ml
PROD759359SA,Fresh Food,Fruits & Vegetables,Mixed Peppers,kg
PROD652483SA,Fresh Food,Meat & Poultry,Lamb Chops,Pack
PROD620644SA,Fresh Food,Bakery,Brioche Bun,Pack
PROD88025SA,Household & Cleaning,Cleaning Supplies,All-Purpose Cleaner,Each
PROD908959SA,Fresh Food,Meat & Poultry,Lamb Chops,ml
PROD272793SA,Fresh Food,Dairy & Eggs,Free Range Eggs,ml
PROD476786SA,Fresh Food,Fruits & Vegetables,Butternut Squash,L
PROD291773SA,Fresh Food,Fruits & Vegetables,Mixed Peppers,ml
PROD493152SA,Fresh Food,Fruits & Vegetables,Baby Spinach,g
PROD54615SA,Household & Cleaning,Cleaning Supplies,Surface Wipes,L
PROD819182SA,Fresh Food,Dairy & Eggs,Full Cream Milk,Each
PROD995740SA,Fresh Food,Bakery,Sourdough Loaf,kg
PROD651517SA,Fresh Food,Dairy & Eggs,Free Range Eggs,kg
PROD496564SA,Fresh Food,Dairy & Eggs,Greek Yoghurt,Each
PROD993795SA,Fresh Food,Bakery,Scone Selection,kg
PROD804150SA,Fresh Food,Meat & Poultry,Boerewors Roll,L
PROD636745SA,Fresh Food,Dairy & Eggs,Maas,Each
PROD815573SA,Household & Cleaning,Cleaning Supplies,Dishwashing Liquid,kg
PROD606794SA,Fresh Food,Fruits & Vegetables,Baby Spinach,g
PROD710250SA,Fresh Food,Fruits & Vegetables,Broccoli Head,ml
PROD79688SA,Fresh Food,Meat & Poultry,Pork Sausages,Pack
PROD106851SA,Household & Cleaning,Cleaning Supplies,Bleach Concentrate,Each
PROD844657SA,Fresh Food,Fruits & Vegetables,Broccoli Head,g
PROD364069SA,Grocery Essentials,Snacks & Confectionery,Potato Crisps,Pack
PROD72306SA,Fresh Food,Meat & Poultry,Biltong Sliced,Pack
PROD13266SA,Household & Cleaning,Cleaning Supplies,Floor Polish,ml
PROD454582SA,Fresh Food,Meat & Poultry,Beef Mince,L
PROD741666SA,Household & Cleaning,Cleaning Supplies,Toilet Cleaner Gel,kg
PROD769440SA,Fresh Food,Meat & Poultry,Lamb Chops,Pack
PROD645830SA,Household & Cleaning,Cleaning Supplies,Glass Cleaner Spray,Pack
PROD456732SA,Fresh Food,Meat & Poultry,Stewing Beef,Each
PROD337960SA,Grocery Essentials,Snacks & Confectionery,Peanut Butter Pretzels,kg
PROD924457SA,Fresh Food,Bakery,Ciabatta Roll,ml
PROD597530SA,Fresh Food,Dairy & Eggs,Cream Cheese Tub,Pack
PROD352737SA,Household & Cleaning,Cleaning Supplies,Fabric Softener,g
PROD190672SA,Fresh Food,Meat & Poultry,Biltong Sliced,ml
PROD836587SA,Fresh Food,Dairy & Eggs,Cottage Cheese,L
PROD923082SA,Fresh Food,Fruits & Vegetables,Avocado Pack,Pack
PROD582789SA,Household & Cleaning,Cleaning Supplies,Glass Cleaner Spray,g
PROD89771SA,Grocery Essentials,Snacks & Confectionery,Rice Cakes,kg
PROD512311SA,Household & Cleaning,Cleaning Supplies,Fabric Softener,Pack
PROD677278SA,Fresh Food,Dairy & Eggs,Cream Cheese Tub,Each
PROD831450SA,Fresh Food,Meat & Poultry,Stewing Beef,g
PROD232360SA,Fresh Food,Bakery,Ciabatta Roll,ml
PROD321080SA,Household & Cleaning,Cleaning Supplies,Bleach Concentrate,Each
PROD496249SA,Grocery Essentials,Snacks & Confectionery,Biscuit Assortment,Pack
PROD446173SA,Grocery Essentials,Snacks & Confectionery,Biscuit Assortment,Each
PROD368900SA,Grocery Essentials,Snacks & Confectionery,Biscuit Assortment,Each
PROD321517SA,Fresh Food,Meat & Poultry,Boerewors Roll,L
PROD756321SA,Fresh Food,Dairy & Eggs,Full Cream Milk,kg
PROD778967SA,Fresh Food,Fruits & Vegetables,Baby Spinach,Pack
PROD200845SA,Household & Cleaning,Cleaning Supplies,Laundry Detergent,kg
PROD289930SA,Household & Cleaning,Cleaning Supplies,Toilet Cleaner Gel,Each
PROD625780SA,Grocery Essentials,Snacks & Confectionery,Energy Bar,L
PROD310636SA,Fresh Food,Bakery,Baguette,kg
PROD316950SA,Fresh Food,Fruits & Vegetables,Tomatoes on Vine,g
PROD132731SA,Household & Cleaning,Cleaning Supplies,Surface Wipes,L
PROD580238SA,Fresh Food,Bakery,Sourdough Loaf,L
PROD668854SA,Household & Cleaning,Cleaning Supplies,Laundry Detergent,ml
PROD601949SA,Fresh Food,Bakery,Sourdough Loaf,L
PROD461865SA,Fresh Food,Meat & Poultry,Stewing Beef,L
PROD264742SA,Fresh Food,Dairy & Eggs,Free Range Eggs,ml
PROD420172SA,Fresh Food,Bakery,Whole Wheat Bread,ml
PROD660021SA,Fresh Food,Bakery,Scone Selection,Each
PROD156445SA,Fresh Food,Bakery,Croissant,Pack
PROD260247SA,Fresh Food,Fruits & Vegetables,Baby Spinach,g
PROD635770SA,Grocery Essentials,Snacks & Confectionery,Dried Mango Strips,Pack
PROD813373SA,Grocery Essentials,Snacks & Confectionery,Rice Cakes,Pack
PROD952635SA,Fresh Food,Meat & Poultry,Stewing Beef,ml
PROD449660SA,Fresh Food,Fruits & Vegetables,Broccoli Head,L
PROD63156SA,Grocery Essentials,Snacks & Confectionery,Rusks,Pack
PROD993620SA,Household & Cleaning,Cleaning Supplies,Dishwashing Liquid,kg
PROD277501SA,Household & Cleaning,Cleaning Supplies,Bleach Concentrate,Each
PROD251516SA,Fresh Food,Bakery,Croissant,kg
PROD164136SA,Grocery Essentials,Snacks & Confectionery,Dark Chocolate Bar,g
PROD722858SA,Fresh Food,Meat & Poultry,Stewing Beef,Pack
PROD34225SA,Fresh Food,Meat & Poultry,Boerewors Roll,kg
PROD737135SA,Fresh Food,Fruits & Vegetables,Avocado Pack,ml
PROD968790SA,Fresh Food,Bakery,Baguette,L
PROD693300SA,Household & Cleaning,Cleaning Supplies,Bin Liners,kg
PROD571015SA,Fresh Food,Meat & Poultry,Beef Mince,kg
PROD952538SA,Household & Cleaning,Cleaning Supplies,Laundry Detergent,L
PROD62535SA,Fresh Food,Dairy & Eggs,Full Cream Milk,kg
PROD785339SA,Fresh Food,Fruits & Vegetables,Broccoli Head,Pack
PROD130394SA,Fresh Food,Fruits & Vegetables,Sweet Potatoes,ml
PROD733723SA,Household & Cleaning,Cleaning Supplies,Glass Cleaner Spray,ml
PROD566211SA,Fresh Food,Fruits & Vegetables,Gem Squash,ml
PROD627086SA,Fresh Food,Meat & Poultry,Beef Mince,g
PROD633039SA,Fresh Food,Meat & Poultry,Biltong Sliced,L
PROD240044SA,Fresh Food,Bakery,Whole Wheat Bread,Each
PROD996971SA,Grocery Essentials,Snacks & Confectionery,Rusks,g
PROD604238SA,Household & Cleaning,Cleaning Supplies,Glass Cleaner Spray,g
PROD544173SA,Fresh Food,Dairy & Eggs,Cream Cheese Tub,Each
PROD190305SA,Fresh Food,Meat & Poultry,Boerewors Roll,Pack
PROD95674SA,Fresh Food,Meat & Poultry,Stewing Beef,ml
PROD349499SA,Fresh Food,Fruits & Vegetables,Mixed Peppers,L
PROD899398SA,Household & Cleaning,Cleaning Supplies,Dishwashing Liquid,kg
PROD727369SA,Fresh Food,Fruits & Vegetables,Mixed Peppers,ml
PROD853085SA,Fresh Food,Fruits & Vegetables,Mixed Peppers,Pack
PROD92337SA,Fresh Food,Bakery,Flatbread,L
PROD121552SA,Fresh Food,Fruits & Vegetables,Red Onions,ml
PROD689606SA,Grocery Essentials,Snacks & Confectionery,Potato Crisps,Pack
PROD56837SA,Fresh Food,Meat & Poultry,Chicken Drumsticks,kg
PROD652878SA,Grocery Essentials,Snacks & Confectionery,Biscuit Assortment,ml
PROD796907SA,Household & Cleaning,Cleaning Supplies,Toilet Cleaner Gel,g
PROD575898SA,Fresh Food,Dairy & Eggs,Butter Block,kg
PROD923634SA,Fresh Food,Fruits & Vegetables,Sweet Potatoes,Each
PROD30271SA,Fresh Food,Meat & Poultry,Beef Mince,Each
PROD744261SA,Grocery Essentials,Snacks & Confectionery,Rice Cakes,kg
PROD14338SA,Fresh Food,Fruits & Vegetables,Gem Squash,Pack
PROD235615SA,Fresh Food,Meat & Poultry,Beef Mince,g
PROD679172SA,Fresh Food,Meat & Poultry,Beef Mince,kg
PROD533590SA,Fresh Food,Meat & Poultry,Boerewors Roll,Each
PROD875271SA,Fresh Food,Fruits & Vegetables,Mixed Peppers,ml
PROD478975SA,Fresh Food,Meat & Poultry,Pork Sausages,Pack
PROD199869SA,Fresh Food,Dairy & Eggs,Gouda Slices,Pack
PROD905997SA,Grocery Essentials,Snacks & Confectionery,Trail Mix,g
PROD356385SA,Fresh Food,Fruits & Vegetables,Mixed Peppers,Pack
PROD296578SA,Fresh Food,Fruits & Vegetables,Banana Bunch,Each
PROD608093SA,Fresh Food,Fruits & Vegetables,Broccoli Head,Each
PROD468238SA,Fresh Food,Meat & Poultry,Lamb Chops,Pack
PROD348588SA,Fresh Food,Meat & Poultry,Biltong Sliced,Pack
PROD477463SA,Grocery Essentials,Snacks & Confectionery,Dried Mango Strips,L
PROD599573SA,Fresh Food,Dairy & Eggs,Cheddar Cheese,ml
PROD45767SA,Fresh Food,Dairy & Eggs,Gouda Slices,L
PROD739485SA,Household & Cleaning,Cleaning Supplies,Toilet Cleaner Gel,ml
PROD519389SA,Fresh Food,Meat & Poultry,Lamb Chops,g
PROD618849SA,Fresh Food,Dairy & Eggs,Amasi,L
PROD104555SA,Fresh Food,Bakery,Flatbread,Pack
PROD757537SA,Fresh Food,Meat & Poultry,Chicken Breast Fillet,kg
PROD78463SA,Fresh Food,Meat & Poultry,Lamb Chops,ml
PROD653534SA,Fresh Food,Fruits & Vegetables,Red Onions,Each
PROD893140SA,Fresh Food,Meat & Poultry,Beef Mince,L
PROD398468SA,Household & Cleaning,Cleaning Supplies,Surface Wipes,L
PROD914759SA,Household & Cleaning,Cleaning Supplies,Toilet Cleaner Gel,Pack
PROD71744SA,Fresh Food,Bakery,Scone Selection,kg
PROD238536SA,Household & Cleaning,Cleaning Supplies,Glass Cleaner Spray,Each
PROD103225SA,Fresh Food,Bakery,Brioche Bun,Each
PROD465230SA,Household & Cleaning,Cleaning Supplies,Dishwashing Liquid,kg
PROD947308SA,Household & Cleaning,Cleaning Supplies,Glass Cleaner Spray,g
PROD834816SA,Fresh Food,Bakery,Rye Bread,g
PROD393049SA,Fresh Food,Fruits & Vegetables,Red Onions,ml
PROD556968SA,Fresh Food,Dairy & Eggs,Cheddar Cheese,ml
PROD178240SA,Grocery Essentials,Snacks & Confectionery,Trail Mix,kg
PROD913141SA,Fresh Food,Bakery,Scone Selection,ml
PROD521841SA,Grocery Essentials,Snacks & Confectionery,Rice Cakes,Pack
PROD483550SA,Fresh Food,Dairy & Eggs,Cheddar Cheese,Each
PROD267729SA,Fresh Food,Fruits & Vegetables,Sweet Potatoes,Each
PROD944986SA,Fresh Food,Bakery,Flatbread,L
PROD165649SA,Household & Cleaning,Cleaning Supplies,Surface Wipes,g
PROD616113SA,Fresh Food,Meat & Poultry,Biltong Sliced,L
PROD723846SA,Household & Cleaning,Cleaning Supplies,Fabric Softener,L
PROD208894SA,Fresh Food,Meat & Poultry,Boerewors Roll,ml
PROD248728SA,Fresh Food,Meat & Poultry,Beef Mince,ml
PROD602733SA,Grocery Essentials,Snacks & Confectionery,Biscuit Assortment,L
PROD23005SA,Household & Cleaning,Cleaning Supplies,Glass Cleaner Spray,Each
PROD8491SA,Fresh Food,Meat & Poultry,Boerewors Roll,Pack
PROD954851SA,Household & Cleaning,Cleaning Supplies,All-Purpose Cleaner,Pack
PROD873294SA,Household & Cleaning,Cleaning Supplies,Toilet Cleaner Gel,L
PROD840886SA,Fresh Food,Dairy & Eggs,Maas,L
PROD651051SA,Fresh Food,Dairy & Eggs,Cheddar Cheese,L
PROD658765SA,Household & Cleaning,Cleaning Supplies,Laundry Detergent,g
PROD323939SA,Household & Cleaning,Cleaning Supplies,All-Purpose Cleaner,ml
PROD382584SA,Fresh Food,Bakery,Scone Selection,Each
PROD953813SA,Fresh Food,Dairy & Eggs,Full Cream Milk,L
PROD184171SA,Fresh Food,Fruits & Vegetables,Mixed Peppers,kg
PROD919035SA,Fresh Food,Dairy & Eggs,Amasi,L
PROD957860SA,Grocery Essentials,Snacks & Confectionery,Energy Bar,L
PROD958449SA,Fresh Food,Dairy & Eggs,Butter Block,ml
PROD843298SA,Fresh Food,Fruits & Vegetables,Red Onions,g
PROD147594SA,Fresh Food,Meat & Poultry,Beef Mince,kg
PROD886827SA,Household & Cleaning,Cleaning Supplies,Fabric Softener,Pack
PROD829090SA,Fresh Food,Fruits & Vegetables,Baby Spinach,ml
PROD562636SA,Fresh Food,Bakery,Ciabatta Roll,g
PROD705511SA,Fresh Food,Meat & Poultry,Biltong Sliced,Each
PROD612955SA,Household & Cleaning,Cleaning Supplies,Glass Cleaner Spray,ml
PROD113609SA,Household & Cleaning,Cleaning Supplies,Floor Polish,Each
PROD26240SA,Fresh Food,Dairy & Eggs,Cream Cheese Tub,Pack
PROD959715SA,Grocery Essentials,Snacks & Confectionery,Biscuit Assortment,Pack
PROD666269SA,Fresh Food,Dairy & Eggs,Full Cream Milk,ml
PROD680776SA,Household & Cleaning,Cleaning Supplies,Glass Cleaner Spray,ml
PROD47549SA,Fresh Food,Bakery,Croissant,g
PROD121761SA,Fresh Food,Fruits & Vegetables,Sweet Potatoes,g
PROD142254SA,Fresh Food,Dairy & Eggs,Amasi,ml
PROD703055SA,Fresh Food,Meat & Poultry,Biltong Sliced,Each
PROD439486SA,Household & Cleaning,Cleaning Supplies,Surface Wipes,Pack
PROD928423SA,Household & Cleaning,Cleaning Supplies,Laundry Detergent,ml
PROD874190SA,Household & Cleaning,Cleaning Supplies,Dishwashing Liquid,ml
PROD984668SA,Grocery Essentials,Snacks & Confectionery,Dried Mango Strips,L
PROD227823SA,Fresh Food,Bakery,Rye Bread,ml
PROD897004SA,Fresh Food,Meat & Poultry,Pork Sausages,L
PROD570913SA,Fresh Food,Bakery,Rye Bread,Each
PROD417479SA,Fresh Food,Fruits & Vegetables,Banana Bunch,L
PROD995109SA,Fresh Food,Dairy & Eggs,Full Cream Milk,ml
PROD672875SA,Fresh Food,Bakery,Baguette,Each
PROD53035SA,Grocery Essentials,Snacks & Confectionery,Potato Crisps,L
PROD825206SA,Fresh Food,Dairy & Eggs,Greek Yoghurt,Pack
PROD870127SA,Fresh Food,Dairy & Eggs,Full Cream Milk,Pack
PROD226441SA,Fresh Food,Dairy & Eggs,Maas,kg
PROD826952SA,Fresh Food,Fruits & Vegetables,Tomatoes on Vine,Pack
PROD900104SA,Fresh Food,Bakery,Ciabatta Roll,kg
PROD262829SA,Fresh Food,Dairy & Eggs,Amasi,kg
PROD138205SA,Fresh Food,Bakery,Sourdough Loaf,g
PROD617457SA,Fresh Food,Fruits & Vegetables,Butternut Squash,L
PROD278258SA,Fresh Food,Bakery,Croissant,g
PROD551640SA,Fresh Food,Dairy & Eggs,Gouda Slices,g
PROD499380SA,Household & Cleaning,Cleaning Supplies,Dishwashing Liquid,ml
PROD622503SA,Fresh Food,Fruits & Vegetables,Gem Squash,g
PROD232311SA,Fresh Food,Meat & Poultry,Turkey Rashers,Pack
PROD316282SA,Fresh Food,Bakery,Muffin Pack,ml
PROD63780SA,Household & Cleaning,Cleaning Supplies,All-Purpose Cleaner,ml
PROD719425SA,Fresh Food,Meat & Poultry,Chicken Drumsticks,g
PROD77060SA,Fresh Food,Meat & Poultry,Stewing Beef,g
PROD155539SA,Fresh Food,Fruits & Vegetables,Broccoli Head,g
PROD654644SA,Fresh Food,Dairy & Eggs,Butter Block,Each
