order_id,order_date,order_timestamp,customer_code,product_sku,store_code,channel,quantity,gross_sales_amount,discount_amount,net_sales_amount,payment_method,currency,price_type,valid_from,valid_to,source_system,load_timestamp,batch_id
ORD-794701,2024-06-11,2024-06-11,CUST-611696,SKU-369369,C60,In-Store,860,30.94,0.93,30.01,EFT,ZAR,Promo,2025-10-01 01:47:54,2025-10-08 01:47:54,OnlinePlatform,2026-02-24 03:53:42,BATCH-20260224-01
ORD-828855,2024-06-11,2024-06-11,CUST-159550,SKU-424765,USV,Online,561,15.87,0.48,15.39,Card,ZAR,Regular,2024-01-19 23:16:12,2024-02-19 23:16:12,POS,2026-02-24 03:53:42,BATCH-20260224-01
ORD-446536,2024-06-11,2024-06-11,CUST-535187,SKU-670928,CHK,Online,656,17.95,0.54,17.41,Card,ZAR,Promo,2025-05-25 08:30:06,2025-06-01 08:30:06,POS,2026-02-24 03:53:42,BATCH-20260224-01
ORD-707987,2024-06-11,2024-06-11,CUST-203674,SKU-858381,C60,Online,312,21.37,0.64,20.73,Voucher,ZAR,Regular,2025-12-25 16:35:10,2026-01-25 16:35:10,OnlinePlatform,2026-02-24 03:53:42,BATCH-20260224-01
ORD-652954,2024-06-11,2024-06-11,CUST-271338,SKU-412704,SHOP,In-Store,999,95.17,2.86,92.31,Mobile Wallet,ZAR,Regular,2025-09-01 10:39:37,2025-10-01 10:39:37,OnlinePlatform,2026-02-24 03:53:42,BATCH-20260224-01
ORD-205552,2024-06-11,2024-06-11,CUST-405612,SKU-424765,SHOP,Online,737,47.55,1.43,46.12,Mobile Wallet,ZAR,Regular,2024-05-18 11:44:27,2024-06-18 11:44:27,OnlinePlatform,2026-02-24 03:53:42,BATCH-20260224-01
ORD-100444,2024-06-11,2024-06-11,CUST-754002,SKU-236839,CHK,Online,356,116.91,3.51,113.4,Card,ZAR,Promo,2025-05-16 19:06:28,2025-05-23 19:06:28,OnlinePlatform,2026-02-24 03:53:42,BATCH-20260224-01
ORD-393844,2024-06-11,2024-06-11,CUST-425244,SKU-789385,CHK,In-Store,260,19.38,0.58,18.8,Cash,ZAR,Promo,2024-06-08 06:57:48,2024-06-15 06:57:48,POS,2026-02-24 03:53:42,BATCH-20260224-01
ORD-649539,2024-06-11,2024-06-11,CUST-386003,SKU-972347,CHK,In-Store,276,35.06,1.05,34.01,Card,ZAR,Promo,2024-08-20 15:02:09,2024-08-27 15:02:09,OnlinePlatform,2026-02-24 03:53:42,BATCH-20260224-01
ORD-265365,2024-06-11,2024-06-11,CUST-337160,SKU-821553,CHK,Online,872,54.86,1.65,53.21,Voucher,ZAR,Promo,2025-10-20 10:23:44,2025-10-27 10:23:44,OnlinePlatform,2026-02-24 03:53:42,BATCH-20260224-01
ORD-160530,2024-06-11,2024-06-11,CUST-171827,SKU-191830,USV,Online,463,20.68,0.62,20.06,Voucher,ZAR,Regular,2025-08-06 02:27:48,2025-09-06 02:27:48,OnlinePlatform,2026-02-24 03:53:42,BATCH-20260224-01
ORD-669881,2024-06-11,2024-06-11,CUST-918668,SKU-151517,C60,Online,399,30.12,0.9,29.22,Cash,ZAR,Regular,2024-07-28 22:36:21,2024-08-28 22:36:21,OnlinePlatform,2026-02-24 03:53:42,BATCH-20260224-01
ORD-129426,2024-06-11,2024-06-11,CUST-324969,SKU-254698,USV,In-Store,963,13.51,0.41,13.1,Voucher,ZAR,Promo,2024-06-09 16:59:47,2024-06-16 16:59:47,OnlinePlatform,2026-02-24 03:53:42,BATCH-20260224-01
ORD-971856,2024-06-11,2024-06-11,CUST-812732,SKU-380713,CHK,Online,413,26.84,0.81,26.03,Cash,ZAR,Promo,2025-09-04 02:54:46,2025-09-11 02:54:46,OnlinePlatform,2026-02-24 03:53:42,BATCH-20260224-01
ORD-995664,2024-06-11,2024-06-11,CUST-806984,SKU-186478,SHOP,Online,341,23.66,0.71,22.95,Voucher,ZAR,Promo,2025-06-14 12:09:50,2025-06-21 12:09:50,OnlinePlatform,2026-02-24 03:53:42,BATCH-20260224-01
ORD-494438,2024-06-11,2024-06-11,CUST-608722,SKU-562310,USV,Online,22,46.12,1.38,44.74,Cash,ZAR,Promo,2025-07-09 04:56:07,2025-07-16 04:56:07,OnlinePlatform,2026-02-24 03:53:42,BATCH-20260224-01
ORD-217636,2024-06-11,2024-06-11,CUST-677310,SKU-705442,USV,Online,117,95.17,2.86,92.31,Voucher,ZAR,Regular,2025-09-01 10:39:37,2025-10-01 10:39:37,OnlinePlatform,2026-02-24 03:53:42,BATCH-20260224-01
ORD-150164,2024-06-11,2024-06-11,CUST-827275,SKU-103001,SHOP,Online,136,39.32,1.18,38.14,Card,ZAR,Regular,2024-06-13 15:08:55,2024-07-13 15:08:55,OnlinePlatform,2026-02-24 03:53:42,BATCH-20260224-01
ORD-402950,2024-06-11,2024-06-11,CUST-337160,SKU-994435,CHK,Online,921,43.27,1.3,41.97,Cash,ZAR,Regular,2025-05-15 02:43:27,2025-06-15 02:43:27,POS,2026-02-24 03:53:42,BATCH-20260224-01
ORD-774166,2024-06-11,2024-06-11,CUST-369405,SKU-947907,SHOP,In-Store,850,16.42,0.49,15.93,Voucher,ZAR,Promo,2024-01-11 08:38:02,2024-01-18 08:38:02,POS,2026-02-24 03:53:42,BATCH-20260224-01
ORD-925524,2024-06-11,2024-06-11,CUST-984631,SKU-951668,CHK,Online,985,31.98,0.96,31.02,Cash,ZAR,Promo,2025-09-01 02:15:44,2025-09-08 02:15:44,POS,2026-02-24 03:53:42,BATCH-20260224-01
ORD-192043,2024-06-11,2024-06-11,CUST-832886,SKU-563068,USV,In-Store,192,93.79,2.81,90.98,Mobile Wallet,ZAR,Promo,2025-10-24 15:21:01,2025-10-31 15:21:01,POS,2026-02-24 03:53:42,BATCH-20260224-01
ORD-600478,2024-06-11,2024-06-11,CUST-247047,SKU-121761,CHK,In-Store,155,35.79,1.07,34.72,Voucher,ZAR,Promo,2025-10-11 08:25:21,2025-10-18 08:25:21,OnlinePlatform,2026-02-24 03:53:42,BATCH-20260224-01
ORD-157654,2024-06-11,2024-06-11,CUST-157676,SKU-379170,SHOP,In-Store,585,19.34,0.58,18.76,Cash,ZAR,Promo,2024-01-17 06:44:11,2024-01-24 06:44:11,OnlinePlatform,2026-02-24 03:53:42,BATCH-20260224-01
ORD-178217,2024-06-11,2024-06-11,CUST-370675,SKU-319092,CHK,Online,618,33.59,1.01,32.58,Voucher,ZAR,Regular,2024-03-24 01:56:06,2024-04-24 01:56:06,OnlinePlatform,2026-02-24 03:53:42,BATCH-20260224-01
ORD-976618,2024-06-11,2024-06-11,CUST-678230,SKU-596498,SHOP,Online,958,32.23,0.97,31.26,Card,ZAR,Promo,2024-12-12 08:26:34,2024-12-19 08:26:34,OnlinePlatform,2026-02-24 03:53:42,BATCH-20260224-01
ORD-865439,2024-06-11,2024-06-11,CUST-548674,SKU-974015,SHOP,Online,787,36.67,1.1,35.57,Voucher,ZAR,Regular,2025-03-19 21:28:59,2025-04-19 21:28:59,POS,2026-02-24 03:53:42,BATCH-20260224-01
ORD-390070,2024-06-11,2024-06-11,CUST-501601,SKU-280353,SHOP,In-Store,277,19.51,0.59,18.92,EFT,ZAR,Regular,2024-06-27 15:12:05,2024-07-27 15:12:05,OnlinePlatform,2026-02-24 03:53:42,BATCH-20260224-01
ORD-737173,2024-06-11,2024-06-11,CUST-424950,SKU-673981,USV,In-Store,75,32.84,0.99,31.85,Mobile Wallet,ZAR,Regular,2025-11-19 20:54:27,2025-12-19 20:54:27,POS,2026-02-24 03:53:42,BATCH-20260224-01
ORD-120534,2024-06-11,2024-06-11,CUST-103837,SKU-909634,CHK,Online,543,97.4,2.92,94.48,Card,ZAR,Regular,2024-07-22 23:13:36,2024-08-22 23:13:36,POS,2026-02-24 03:53:42,BATCH-20260224-01
ORD-262862,2024-06-11,2024-06-11,CUST-768892,SKU-951668,SHOP,Online,838,23.04,0.69,22.35,Card,ZAR,Regular,2025-04-04 19:39:30,2025-05-04 19:39:30,POS,2026-02-24 03:53:42,BATCH-20260224-01
ORD-779957,2024-06-11,2024-06-11,CUST-300102,SKU-587455,C60,Online,272,36.08,1.08,35.0,Voucher,ZAR,Promo,2024-08-13 16:09:30,2024-08-20 16:09:30,OnlinePlatform,2026-02-24 03:53:42,BATCH-20260224-01
ORD-595275,2024-06-11,2024-06-11,CUST-629952,SKU-896329,USV,Online,102,23.66,0.71,22.95,Mobile Wallet,ZAR,Promo,2025-06-14 12:09:50,2025-06-21 12:09:50,OnlinePlatform,2026-02-24 03:53:42,BATCH-20260224-01
ORD-739276,2024-06-11,2024-06-11,CUST-112842,SKU-181506,USV,Online,593,36.0,1.08,34.92,EFT,ZAR,Promo,2025-11-21 10:15:29,2025-11-28 10:15:29,POS,2026-02-24 03:53:42,BATCH-20260224-01
ORD-631971,2024-06-11,2024-06-11,CUST-668359,SKU-788739,SHOP,In-Store,582,36.09,1.08,35.01,Cash,ZAR,Regular,2024-11-07 04:32:12,2024-12-07 04:32:12,POS,2026-02-24 03:53:42,BATCH-20260224-01
ORD-707885,2024-06-11,2024-06-11,CUST-824487,SKU-317246,SHOP,Online,23,15.88,0.48,15.4,Voucher,ZAR,Regular,2025-06-11 10:25:28,2025-07-11 10:25:28,OnlinePlatform,2026-02-24 03:53:42,BATCH-20260224-01
ORD-894176,2024-06-11,2024-06-11,CUST-403731,SKU-539111,CHK,Online,180,22.84,0.69,22.15,Mobile Wallet,ZAR,Regular,2025-08-08 11:17:23,2025-09-08 11:17:23,OnlinePlatform,2026-02-24 03:53:42,BATCH-20260224-01
ORD-452239,2024-06-11,2024-06-11,CUST-881064,SKU-448763,CHK,Online,896,55.67,1.67,54.0,Card,ZAR,Promo,2025-05-21 20:17:51,2025-05-28 20:17:51,OnlinePlatform,2026-02-24 03:53:42,BATCH-20260224-01
ORD-830997,2024-06-11,2024-06-11,CUST-788811,SKU-297375,C60,Online,786,39.18,1.18,38.0,Voucher,ZAR,Regular,2025-01-01 11:20:49,2025-02-01 11:20:49,POS,2026-02-24 03:53:42,BATCH-20260224-01
ORD-546327,2024-06-11,2024-06-11,CUST-982132,SKU-431352,C60,In-Store,864,44.25,1.33,42.92,EFT,ZAR,Promo,2024-03-13 03:49:10,2024-03-20 03:49:10,POS,2026-02-24 03:53:42,BATCH-20260224-01
ORD-573701,2024-06-11,2024-06-11,CUST-829533,SKU-848825,CHK,Online,128,32.59,0.98,31.61,Card,ZAR,Regular,2025-10-03 20:37:13,2025-11-03 20:37:13,POS,2026-02-24 03:53:42,BATCH-20260224-01
ORD-875323,2024-06-11,2024-06-11,CUST-396257,SKU-972347,SHOP,In-Store,805,21.65,0.65,21.0,Cash,ZAR,Regular,2024-10-27 08:57:56,2024-11-27 08:57:56,POS,2026-02-24 03:53:42,BATCH-20260224-01
ORD-458543,2024-06-11,2024-06-11,CUST-533541,SKU-205798,CHK,In-Store,343,31.37,0.94,30.43,Voucher,ZAR,Promo,2024-09-09 02:40:21,2024-09-16 02:40:21,OnlinePlatform,2026-02-24 03:53:42,BATCH-20260224-01
ORD-191966,2024-06-11,2024-06-11,CUST-271338,SKU-947907,SHOP,In-Store,837,26.53,0.8,25.73,Mobile Wallet,ZAR,Regular,2025-07-14 15:01:10,2025-08-14 15:01:10,POS,2026-02-24 03:53:42,BATCH-20260224-01
ORD-921429,2024-06-11,2024-06-11,CUST-753655,SKU-878214,SHOP,In-Store,318,41.19,1.24,39.95,EFT,ZAR,Promo,2024-03-16 12:15:18,2024-03-23 12:15:18,POS,2026-02-24 03:53:42,BATCH-20260224-01
ORD-195644,2024-06-11,2024-06-11,CUST-574356,SKU-990023,C60,In-Store,748,14.16,0.42,13.74,EFT,ZAR,Promo,2024-11-11 08:47:56,2024-11-18 08:47:56,OnlinePlatform,2026-02-24 03:53:42,BATCH-20260224-01
ORD-733349,2024-06-11,2024-06-11,CUST-613037,SKU-139716,SHOP,Online,936,14.32,0.43,13.89,Cash,ZAR,Promo,2025-09-02 18:11:44,2025-09-09 18:11:44,OnlinePlatform,2026-02-24 03:53:42,BATCH-20260224-01
ORD-569897,2024-06-11,2024-06-11,CUST-278714,SKU-298392,USV,Online,599,22.74,0.68,22.06,Voucher,ZAR,Regular,2024-01-23 20:44:57,2024-02-23 20:44:57,POS,2026-02-24 03:53:42,BATCH-20260224-01
ORD-976311,2024-06-11,2024-06-11,CUST-253712,SKU-835133,C60,In-Store,337,15.62,0.47,15.15,Voucher,ZAR,Regular,2024-07-26 13:06:25,2024-08-26 13:06:25,POS,2026-02-24 03:53:42,BATCH-20260224-01
ORD-878566,2024-06-11,2024-06-11,CUST-827275,SKU-457180,SHOP,Online,244,20.5,0.61,19.89,EFT,ZAR,Regular,2025-12-25 11:04:46,2026-01-25 11:04:46,OnlinePlatform,2026-02-24 03:53:42,BATCH-20260224-01
ORD-577941,2024-06-11,2024-06-11,CUST-448117,SKU-442154,USV,In-Store,981,20.36,0.61,19.75,Card,ZAR,Regular,2025-02-07 03:10:03,2025-03-07 03:10:03,POS,2026-02-24 03:53:42,BATCH-20260224-01
ORD-748612,2024-06-11,2024-06-11,CUST-259264,SKU-464594,CHK,In-Store,294,91.13,2.73,88.4,Cash,ZAR,Promo,2024-04-16 15:33:49,2024-04-23 15:33:49,POS,2026-02-24 03:53:42,BATCH-20260224-01
ORD-681160,2024-06-11,2024-06-11,CUST-574356,SKU-332698,C60,In-Store,759,21.43,0.64,20.79,Mobile Wallet,ZAR,Promo,2024-02-11 21:00:59,2024-02-18 21:00:59,OnlinePlatform,2026-02-24 03:53:42,BATCH-20260224-01
ORD-500501,2024-06-11,2024-06-11,CUST-556702,SKU-621903,C60,Online,574,20.68,0.62,20.06,Voucher,ZAR,Regular,2025-08-06 02:27:48,2025-09-06 02:27:48,OnlinePlatform,2026-02-24 03:53:42,BATCH-20260224-01
ORD-846735,2024-06-11,2024-06-11,CUST-624155,SKU-896329,SHOP,Online,687,30.98,0.93,30.05,EFT,ZAR,Regular,2024-02-08 14:22:59,2024-03-08 14:22:59,POS,2026-02-24 03:53:42,BATCH-20260224-01
ORD-506543,2024-06-11,2024-06-11,CUST-640948,SKU-289808,CHK,In-Store,938,23.04,0.69,22.35,Mobile Wallet,ZAR,Regular,2025-04-04 19:39:30,2025-05-04 19:39:30,POS,2026-02-24 03:53:42,BATCH-20260224-01
ORD-502241,2024-06-11,2024-06-11,CUST-330284,SKU-332628,SHOP,In-Store,348,19.52,0.59,18.93,EFT,ZAR,Regular,2024-09-03 15:55:32,2024-10-03 15:55:32,OnlinePlatform,2026-02-24 03:53:42,BATCH-20260224-01
ORD-731747,2024-06-11,2024-06-11,CUST-752336,SKU-450654,SHOP,In-Store,659,14.34,0.43,13.91,Card,ZAR,Regular,2024-03-13 20:39:53,2024-04-13 20:39:53,OnlinePlatform,2026-02-24 03:53:42,BATCH-20260224-01
ORD-329983,2024-06-11,2024-06-11,CUST-345987,SKU-970547,SHOP,In-Store,867,96.29,2.89,93.4,Voucher,ZAR,Promo,2024-07-21 20:40:41,2024-07-28 20:40:41,OnlinePlatform,2026-02-24 03:53:42,BATCH-20260224-01
ORD-474266,2024-06-11,2024-06-11,CUST-499295,SKU-850935,C60,Online,589,50.22,1.51,48.71,Mobile Wallet,ZAR,Promo,2024-02-06 01:58:04,2024-02-13 01:58:04,POS,2026-02-24 03:53:42,BATCH-20260224-01
ORD-446320,2024-06-11,2024-06-11,CUST-157676,SKU-250917,SHOP,In-Store,25,35.37,1.06,34.31,Cash,ZAR,Promo,2024-03-07 00:51:13,2024-03-14 00:51:13,OnlinePlatform,2026-02-24 03:53:42,BATCH-20260224-01
ORD-319280,2024-06-11,2024-06-11,CUST-992241,SKU-414633,C60,In-Store,482,22.1,0.66,21.44,Cash,ZAR,Regular,2024-04-06 12:39:31,2024-05-06 12:39:31,OnlinePlatform,2026-02-24 03:53:42,BATCH-20260224-01
ORD-714366,2024-06-11,2024-06-11,CUST-914668,SKU-951904,USV,Online,146,34.47,1.03,33.44,EFT,ZAR,Regular,2024-06-10 23:28:01,2024-07-10 23:28:01,POS,2026-02-24 03:53:42,BATCH-20260224-01
ORD-385305,2024-06-11,2024-06-11,CUST-620308,SKU-591966,CHK,In-Store,350,75.33,2.26,73.07,Cash,ZAR,Regular,2024-03-18 18:31:39,2024-04-18 18:31:39,OnlinePlatform,2026-02-24 03:53:42,BATCH-20260224-01
ORD-509582,2024-06-11,2024-06-11,CUST-278714,SKU-896510,USV,Online,585,24.27,0.73,23.54,EFT,ZAR,Promo,2024-05-03 06:16:58,2024-05-10 06:16:58,OnlinePlatform,2026-02-24 03:53:42,BATCH-20260224-01
ORD-128292,2024-06-11,2024-06-11,CUST-131322,SKU-481741,USV,Online,987,44.11,1.32,42.79,EFT,ZAR,Promo,2024-02-01 09:19:45,2024-02-08 09:19:45,OnlinePlatform,2026-02-24 03:53:42,BATCH-20260224-01
ORD-671967,2024-06-11,2024-06-11,CUST-367756,SKU-457440,USV,In-Store,970,56.39,1.69,54.7,Cash,ZAR,Promo,2025-02-09 20:44:52,2025-02-16 20:44:52,OnlinePlatform,2026-02-24 03:53:42,BATCH-20260224-01
ORD-591289,2024-06-11,2024-06-11,CUST-458266,SKU-422685,CHK,In-Store,694,100.29,3.01,97.28,Voucher,ZAR,Promo,2025-12-14 03:06:31,2025-12-21 03:06:31,POS,2026-02-24 03:53:42,BATCH-20260224-01
ORD-986098,2024-06-11,2024-06-11,CUST-367756,SKU-705587,USV,In-Store,818,36.9,1.11,35.79,Voucher,ZAR,Regular,2024-12-01 15:16:34,2025-01-01 15:16:34,OnlinePlatform,2026-02-24 03:53:42,BATCH-20260224-01
ORD-505835,2024-06-11,2024-06-11,CUST-882399,SKU-583078,CHK,Online,745,108.97,3.27,105.7,Cash,ZAR,Regular,2025-05-20 07:46:20,2025-06-20 07:46:20,OnlinePlatform,2026-02-24 03:53:42,BATCH-20260224-01
ORD-652187,2024-06-11,2024-06-11,CUST-103837,SKU-432680,CHK,Online,773,44.84,1.35,43.49,Voucher,ZAR,Promo,2025-03-02 23:30:18,2025-03-09 23:30:18,POS,2026-02-24 03:53:42,BATCH-20260224-01
ORD-844564,2024-06-11,2024-06-11,CUST-757579,SKU-105180,CHK,In-Store,457,40.73,1.22,39.51,EFT,ZAR,Regular,2025-04-19 04:22:10,2025-05-19 04:22:10,POS,2026-02-24 03:53:42,BATCH-20260224-01
ORD-651575,2024-06-11,2024-06-11,CUST-271524,SKU-789385,USV,Online,660,17.58,0.53,17.05,Mobile Wallet,ZAR,Regular,2024-07-26 05:53:46,2024-08-26 05:53:46,POS,2026-02-24 03:53:42,BATCH-20260224-01
ORD-847672,2024-06-11,2024-06-11,CUST-222708,SKU-395823,SHOP,Online,250,96.29,2.89,93.4,Mobile Wallet,ZAR,Promo,2024-07-21 20:40:41,2024-07-28 20:40:41,OnlinePlatform,2026-02-24 03:53:42,BATCH-20260224-01
ORD-266059,2024-06-11,2024-06-11,CUST-660600,SKU-610713,C60,Online,255,17.93,0.54,17.39,Card,ZAR,Promo,2025-05-17 02:40:21,2025-05-24 02:40:21,POS,2026-02-24 03:53:42,BATCH-20260224-01
ORD-160679,2024-06-11,2024-06-11,CUST-806984,SKU-787341,SHOP,Online,804,32.26,0.97,31.29,Cash,ZAR,Regular,2025-10-11 21:57:48,2025-11-11 21:57:48,POS,2026-02-24 03:53:42,BATCH-20260224-01
ORD-676164,2024-06-11,2024-06-11,CUST-339475,SKU-171334,USV,In-Store,257,85.24,2.56,82.68,Mobile Wallet,ZAR,Promo,2025-08-13 11:29:43,2025-08-20 11:29:43,OnlinePlatform,2026-02-24 03:53:42,BATCH-20260224-01
ORD-841467,2024-06-11,2024-06-11,CUST-599851,SKU-913976,SHOP,In-Store,452,122.97,3.69,119.28,Card,ZAR,Regular,2024-10-05 05:52:05,2024-11-05 05:52:05,POS,2026-02-24 03:53:42,BATCH-20260224-01
ORD-897989,2024-06-11,2024-06-11,CUST-650404,SKU-393011,CHK,In-Store,446,89.95,2.7,87.25,Voucher,ZAR,Regular,2024-12-19 19:25:19,2025-01-19 19:25:19,POS,2026-02-24 03:53:42,BATCH-20260224-01
ORD-858116,2024-06-11,2024-06-11,CUST-370675,SKU-308449,CHK,Online,790,16.33,0.49,15.84,Mobile Wallet,ZAR,Regular,2024-05-02 19:10:29,2024-06-02 19:10:29,POS,2026-02-24 03:53:42,BATCH-20260224-01
ORD-573729,2024-06-11,2024-06-11,CUST-885904,SKU-995370,C60,Online,504,50.64,1.52,49.12,Voucher,ZAR,Regular,2024-10-27 20:09:56,2024-11-27 20:09:56,POS,2026-02-24 03:53:42,BATCH-20260224-01
ORD-803297,2024-06-11,2024-06-11,CUST-709876,SKU-922581,CHK,In-Store,983,44.57,1.34,43.23,Card,ZAR,Promo,2025-08-21 23:10:29,2025-08-28 23:10:29,POS,2026-02-24 03:53:42,BATCH-20260224-01
ORD-308505,2024-06-11,2024-06-11,CUST-613999,SKU-346146,CHK,Online,765,35.26,1.06,34.2,Voucher,ZAR,Regular,2025-09-23 19:06:41,2025-10-23 19:06:41,OnlinePlatform,2026-02-24 03:53:42,BATCH-20260224-01
ORD-504217,2024-06-11,2024-06-11,CUST-451961,SKU-147106,CHK,In-Store,818,31.78,0.95,30.83,EFT,ZAR,Promo,2025-03-19 20:09:53,2025-03-26 20:09:53,OnlinePlatform,2026-02-24 03:53:42,BATCH-20260224-01
ORD-116326,2024-06-11,2024-06-11,CUST-882399,SKU-102127,CHK,Online,871,18.64,0.56,18.08,Mobile Wallet,ZAR,Regular,2025-03-02 23:00:19,2025-04-02 23:00:19,OnlinePlatform,2026-02-24 03:53:42,BATCH-20260224-01
ORD-638087,2024-06-11,2024-06-11,CUST-882397,SKU-643579,C60,Online,47,25.98,0.78,25.2,Mobile Wallet,ZAR,Regular,2024-10-13 18:06:58,2024-11-13 18:06:58,POS,2026-02-24 03:53:42,BATCH-20260224-01
ORD-410279,2024-06-11,2024-06-11,CUST-989565,SKU-409608,CHK,In-Store,732,91.65,2.75,88.9,Mobile Wallet,ZAR,Promo,2025-11-18 00:01:22,2025-11-25 00:01:22,POS,2026-02-24 03:53:42,BATCH-20260224-01
ORD-523813,2024-06-11,2024-06-11,CUST-782787,SKU-264585,SHOP,In-Store,827,36.58,1.1,35.48,Card,ZAR,Regular,2024-11-28 01:50:13,2024-12-28 01:50:13,OnlinePlatform,2026-02-24 03:53:42,BATCH-20260224-01
ORD-792571,2024-06-11,2024-06-11,CUST-421352,SKU-449202,SHOP,Online,814,91.65,2.75,88.9,Voucher,ZAR,Promo,2024-08-25 11:11:27,2024-09-01 11:11:27,POS,2026-02-24 03:53:42,BATCH-20260224-01
ORD-679100,2024-06-11,2024-06-11,CUST-214897,SKU-643806,SHOP,Online,721,75.33,2.26,73.07,EFT,ZAR,Regular,2024-03-18 18:31:39,2024-04-18 18:31:39,OnlinePlatform,2026-02-24 03:53:42,BATCH-20260224-01
ORD-805813,2024-06-11,2024-06-11,CUST-422362,SKU-581645,USV,Online,456,29.38,0.88,28.5,Cash,ZAR,Promo,2025-12-20 05:31:32,2025-12-27 05:31:32,POS,2026-02-24 03:53:42,BATCH-20260224-01
ORD-393685,2024-06-11,2024-06-11,CUST-339475,SKU-992216,USV,In-Store,374,91.62,2.75,88.87,Cash,ZAR,Promo,2024-03-11 14:24:32,2024-03-18 14:24:32,OnlinePlatform,2026-02-24 03:53:42,BATCH-20260224-01
ORD-255104,2024-06-11,2024-06-11,CUST-392846,SKU-118269,SHOP,In-Store,655,33.45,1.0,32.45,Card,ZAR,Regular,2024-10-04 05:57:14,2024-11-04 05:57:14,OnlinePlatform,2026-02-24 03:53:42,BATCH-20260224-01
ORD-254398,2024-06-11,2024-06-11,CUST-608248,SKU-857589,SHOP,Online,634,91.12,2.73,88.39,EFT,ZAR,Promo,2025-11-13 22:54:12,2025-11-20 22:54:12,OnlinePlatform,2026-02-24 03:53:42,BATCH-20260224-01
ORD-600561,2024-06-11,2024-06-11,CUST-871438,SKU-215649,CHK,In-Store,173,15.62,0.47,15.15,EFT,ZAR,Regular,2024-07-26 13:06:25,2024-08-26 13:06:25,POS,2026-02-24 03:53:42,BATCH-20260224-01
ORD-183532,2024-06-11,2024-06-11,CUST-624155,SKU-161778,SHOP,Online,946,54.1,1.62,52.48,Voucher,ZAR,Promo,2025-02-28 23:19:02,2025-03-07 23:19:02,OnlinePlatform,2026-02-24 03:53:42,BATCH-20260224-01
ORD-713747,2024-06-11,2024-06-11,CUST-345987,SKU-277896,SHOP,In-Store,251,35.14,1.05,34.09,Cash,ZAR,Regular,2025-10-22 05:57:55,2025-11-22 05:57:55,OnlinePlatform,2026-02-24 03:53:42,BATCH-20260224-01
ORD-377738,2024-06-11,2024-06-11,CUST-473519,SKU-986750,SHOP,In-Store,325,31.36,0.94,30.42,EFT,ZAR,Promo,2025-05-13 01:47:32,2025-05-20 01:47:32,POS,2026-02-24 03:53:42,BATCH-20260224-01
ORD-264511,2024-06-11,2024-06-11,CUST-824487,SKU-113916,SHOP,Online,780,90.34,2.71,87.63,EFT,ZAR,Regular,2024-11-13 12:40:05,2024-12-13 12:40:05,OnlinePlatform,2026-02-24 03:53:42,BATCH-20260224-01
ORD-215055,2024-06-11,2024-06-11,CUST-934833,SKU-946773,C60,In-Store,59,41.68,1.25,40.43,Mobile Wallet,ZAR,Regular,2025-09-23 11:14:43,2025-10-23 11:14:43,OnlinePlatform,2026-02-24 03:53:42,BATCH-20260224-01
ORD-873265,2024-06-11,2024-06-11,CUST-845003,SKU-605631,CHK,In-Store,245,95.17,2.86,92.31,EFT,ZAR,Regular,2025-09-01 10:39:37,2025-10-01 10:39:37,POS,2026-02-24 03:53:42,BATCH-20260224-01
ORD-121254,2024-06-11,2024-06-11,CUST-184823,SKU-430054,CHK,Online,883,22.81,0.68,22.13,Cash,ZAR,Regular,2024-12-25 23:42:28,2025-01-25 23:42:28,OnlinePlatform,2026-02-24 03:53:42,BATCH-20260224-01
ORD-412407,2024-06-11,2024-06-11,CUST-419420,SKU-464594,CHK,Online,180,16.01,0.48,15.53,Card,ZAR,Promo,2024-10-21 18:22:46,2024-10-28 18:22:46,POS,2026-02-24 03:53:42,BATCH-20260224-01
ORD-454523,2024-06-11,2024-06-11,CUST-353640,SKU-674422,SHOP,Online,100,38.1,1.14,36.96,Card,ZAR,Regular,2025-04-11 10:35:13,2025-05-11 10:35:13,OnlinePlatform,2026-02-24 03:53:42,BATCH-20260224-01
ORD-760933,2024-06-11,2024-06-11,CUST-973258,SKU-467073,C60,Online,271,98.15,2.94,95.21,Mobile Wallet,ZAR,Promo,2025-02-23 14:09:08,2025-03-02 14:09:08,POS,2026-02-24 03:53:42,BATCH-20260224-01
ORD-776765,2024-06-11,2024-06-11,CUST-405612,SKU-640257,SHOP,Online,852,19.62,0.59,19.03,Voucher,ZAR,Promo,2025-12-04 04:48:55,2025-12-11 04:48:55,OnlinePlatform,2026-02-24 03:53:42,BATCH-20260224-01
ORD-649597,2024-06-11,2024-06-11,CUST-831252,SKU-330956,CHK,In-Store,569,52.43,1.57,50.86,Cash,ZAR,Promo,2024-10-24 12:01:46,2024-10-31 12:01:46,OnlinePlatform,2026-02-24 03:53:42,BATCH-20260224-01
ORD-425575,2024-06-11,2024-06-11,CUST-881064,SKU-173298,CHK,Online,262,27.0,0.81,26.19,Voucher,ZAR,Promo,2025-05-15 13:13:59,2025-05-22 13:13:59,POS,2026-02-24 03:53:42,BATCH-20260224-01
ORD-929464,2024-06-11,2024-06-11,CUST-394781,SKU-281746,SHOP,In-Store,185,76.2,2.29,73.91,Voucher,ZAR,Promo,2024-04-01 23:03:38,2024-04-08 23:03:38,OnlinePlatform,2026-02-24 03:53:42,BATCH-20260224-01
ORD-383561,2024-06-11,2024-06-11,CUST-757579,SKU-249786,CHK,In-Store,582,22.75,0.68,22.07,EFT,ZAR,Promo,2024-02-06 10:12:54,2024-02-13 10:12:54,OnlinePlatform,2026-02-24 03:53:42,BATCH-20260224-01
ORD-719489,2024-06-11,2024-06-11,CUST-521110,SKU-996610,C60,Online,234,19.17,0.58,18.59,Card,ZAR,Promo,2024-01-02 13:12:10,2024-01-09 13:12:10,OnlinePlatform,2026-02-24 03:53:42,BATCH-20260224-01
ORD-332534,2024-06-11,2024-06-11,CUST-496952,SKU-951008,CHK,Online,167,23.66,0.71,22.95,Mobile Wallet,ZAR,Promo,2025-06-14 12:09:50,2025-06-21 12:09:50,POS,2026-02-24 03:53:42,BATCH-20260224-01
ORD-155488,2024-06-11,2024-06-11,CUST-939756,SKU-365781,USV,Online,552,25.12,0.75,24.37,Card,ZAR,Promo,2024-02-27 22:46:01,2024-03-05 22:46:01,OnlinePlatform,2026-02-24 03:53:42,BATCH-20260224-01
ORD-343733,2024-06-11,2024-06-11,CUST-403731,SKU-108486,CHK,Online,69,28.66,0.86,27.8,EFT,ZAR,Regular,2024-08-05 02:41:47,2024-09-05 02:41:47,POS,2026-02-24 03:53:42,BATCH-20260224-01
ORD-879355,2024-06-11,2024-06-11,CUST-142383,SKU-176233,USV,In-Store,997,55.26,1.66,53.6,Card,ZAR,Regular,2024-07-22 07:12:16,2024-08-22 07:12:16,POS,2026-02-24 03:53:42,BATCH-20260224-01
ORD-777364,2024-06-11,2024-06-11,CUST-760243,SKU-686005,C60,Online,969,15.88,0.48,15.4,EFT,ZAR,Regular,2025-06-11 10:25:28,2025-07-11 10:25:28,POS,2026-02-24 03:53:42,BATCH-20260224-01
ORD-483073,2024-06-11,2024-06-11,CUST-541591,SKU-264990,CHK,In-Store,709,16.47,0.49,15.98,Mobile Wallet,ZAR,Regular,2024-11-05 15:37:38,2024-12-05 15:37:38,POS,2026-02-24 03:53:42,BATCH-20260224-01
ORD-363739,2024-06-11,2024-06-11,CUST-832886,SKU-394960,USV,In-Store,10,39.74,1.19,38.55,Mobile Wallet,ZAR,Promo,2024-09-23 12:37:22,2024-09-30 12:37:22,POS,2026-02-24 03:53:42,BATCH-20260224-01
ORD-670221,2024-06-11,2024-06-11,CUST-330284,SKU-796865,SHOP,In-Store,442,21.55,0.65,20.9,Mobile Wallet,ZAR,Promo,2025-04-21 10:35:41,2025-04-28 10:35:41,POS,2026-02-24 03:53:42,BATCH-20260224-01
ORD-156396,2024-06-11,2024-06-11,CUST-462238,SKU-825519,C60,Online,208,17.96,0.54,17.42,Mobile Wallet,ZAR,Promo,2024-07-28 17:34:26,2024-08-04 17:34:26,OnlinePlatform,2026-02-24 03:53:42,BATCH-20260224-01
ORD-670148,2024-06-11,2024-06-11,CUST-992241,SKU-734633,C60,In-Store,38,16.73,0.5,16.23,EFT,ZAR,Regular,2025-06-09 01:49:35,2025-07-09 01:49:35,OnlinePlatform,2026-02-24 03:53:42,BATCH-20260224-01
ORD-327576,2024-06-11,2024-06-11,CUST-203600,SKU-799979,C60,In-Store,526,24.4,0.73,23.67,EFT,ZAR,Regular,2025-04-02 06:01:59,2025-05-02 06:01:59,OnlinePlatform,2026-02-24 03:53:42,BATCH-20260224-01
ORD-659380,2024-06-11,2024-06-11,CUST-197103,SKU-359479,SHOP,In-Store,94,30.82,0.92,29.9,EFT,ZAR,Regular,2024-03-11 05:27:12,2024-04-11 05:27:12,POS,2026-02-24 03:53:42,BATCH-20260224-01
ORD-184367,2024-06-11,2024-06-11,CUST-203600,SKU-449202,C60,In-Store,887,56.76,1.7,55.06,Voucher,ZAR,Regular,2024-11-14 03:48:47,2024-12-14 03:48:47,POS,2026-02-24 03:53:42,BATCH-20260224-01
ORD-933380,2024-06-11,2024-06-11,CUST-510192,SKU-832933,C60,Online,616,26.85,0.81,26.04,Cash,ZAR,Regular,2025-03-06 04:32:14,2025-04-06 04:32:14,POS,2026-02-24 03:53:42,BATCH-20260224-01
ORD-838453,2024-06-11,2024-06-11,CUST-935908,SKU-279427,SHOP,In-Store,428,30.74,0.92,29.82,Voucher,ZAR,Regular,2024-10-01 01:39:40,2024-11-01 01:39:40,POS,2026-02-24 03:53:42,BATCH-20260224-01
ORD-343027,2024-06-11,2024-06-11,CUST-574356,SKU-293568,C60,In-Store,120,14.98,0.45,14.53,Voucher,ZAR,Regular,2025-03-03 02:34:48,2025-04-03 02:34:48,POS,2026-02-24 03:53:42,BATCH-20260224-01
ORD-286406,2024-06-11,2024-06-11,CUST-253712,SKU-612735,C60,In-Store,585,14.98,0.45,14.53,Card,ZAR,Regular,2025-03-03 02:34:48,2025-04-03 02:34:48,POS,2026-02-24 03:53:42,BATCH-20260224-01
ORD-873156,2024-06-11,2024-06-11,CUST-822764,SKU-788271,USV,In-Store,284,34.37,1.03,33.34,Card,ZAR,Regular,2025-10-01 17:03:06,2025-11-01 17:03:06,OnlinePlatform,2026-02-24 03:53:42,BATCH-20260224-01
ORD-930870,2024-06-11,2024-06-11,CUST-560060,SKU-503026,SHOP,Online,207,23.21,0.7,22.51,Mobile Wallet,ZAR,Regular,2025-02-10 21:01:01,2025-03-10 21:01:01,OnlinePlatform,2026-02-24 03:53:42,BATCH-20260224-01
ORD-427138,2024-06-11,2024-06-11,CUST-831252,SKU-970925,CHK,In-Store,419,76.81,2.3,74.51,Cash,ZAR,Promo,2025-08-25 02:44:58,2025-09-01 02:44:58,POS,2026-02-24 03:53:42,BATCH-20260224-01
ORD-952751,2024-06-11,2024-06-11,CUST-479298,SKU-581892,USV,In-Store,539,22.29,0.67,21.62,Cash,ZAR,Regular,2025-02-16 16:17:34,2025-03-16 16:17:34,POS,2026-02-24 03:53:42,BATCH-20260224-01
ORD-643192,2024-06-11,2024-06-11,CUST-373917,SKU-465473,C60,Online,967,23.63,0.71,22.92,Voucher,ZAR,Regular,2024-05-08 00:49:44,2024-06-08 00:49:44,OnlinePlatform,2026-02-24 03:53:42,BATCH-20260224-01
ORD-569295,2024-06-11,2024-06-11,CUST-751696,SKU-787341,C60,In-Store,965,21.66,0.65,21.01,Card,ZAR,Promo,2024-12-24 13:22:33,2024-12-31 13:22:33,OnlinePlatform,2026-02-24 03:53:42,BATCH-20260224-01
ORD-864842,2024-06-11,2024-06-11,CUST-235721,SKU-590242,SHOP,In-Store,28,32.28,0.97,31.31,EFT,ZAR,Regular,2025-09-12 06:39:03,2025-10-12 06:39:03,POS,2026-02-24 03:53:42,BATCH-20260224-01
ORD-142228,2024-06-11,2024-06-11,CUST-311692,SKU-914880,C60,Online,320,25.03,0.75,24.28,Voucher,ZAR,Promo,2024-07-16 04:33:09,2024-07-23 04:33:09,POS,2026-02-24 03:53:42,BATCH-20260224-01
ORD-399225,2024-06-11,2024-06-11,CUST-405250,SKU-979815,CHK,In-Store,245,51.99,1.56,50.43,Mobile Wallet,ZAR,Promo,2024-10-15 17:06:22,2024-10-22 17:06:22,OnlinePlatform,2026-02-24 03:53:42,BATCH-20260224-01
ORD-670777,2024-06-11,2024-06-11,CUST-370423,SKU-751909,C60,In-Store,798,122.97,3.69,119.28,Cash,ZAR,Regular,2024-10-05 05:52:05,2024-11-05 05:52:05,OnlinePlatform,2026-02-24 03:53:42,BATCH-20260224-01
ORD-662969,2024-06-11,2024-06-11,CUST-654554,SKU-433356,CHK,Online,342,27.63,0.83,26.8,Cash,ZAR,Promo,2024-04-12 05:39:07,2024-04-19 05:39:07,POS,2026-02-24 03:53:42,BATCH-20260224-01
ORD-924644,2024-06-11,2024-06-11,CUST-871438,SKU-914880,CHK,In-Store,249,19.04,0.57,18.47,Voucher,ZAR,Promo,2024-10-22 21:06:09,2024-10-29 21:06:09,OnlinePlatform,2026-02-24 03:53:42,BATCH-20260224-01
ORD-928232,2024-06-11,2024-06-11,CUST-744873,SKU-410850,CHK,Online,553,43.55,1.31,42.24,Voucher,ZAR,Regular,2025-12-02 20:11:23,2026-01-02 20:11:23,POS,2026-02-24 03:53:42,BATCH-20260224-01
ORD-213026,2024-06-11,2024-06-11,CUST-741426,SKU-928379,CHK,Online,180,27.72,0.83,26.89,Voucher,ZAR,Promo,2024-06-21 03:05:40,2024-06-28 03:05:40,OnlinePlatform,2026-02-24 03:53:42,BATCH-20260224-01
ORD-608783,2024-06-11,2024-06-11,CUST-636070,SKU-431329,SHOP,Online,280,87.89,2.64,85.25,Card,ZAR,Promo,2025-03-07 04:42:24,2025-03-14 04:42:24,POS,2026-02-24 03:53:42,BATCH-20260224-01
ORD-334732,2024-06-11,2024-06-11,CUST-537927,SKU-914880,C60,In-Store,576,22.25,0.67,21.58,Cash,ZAR,Regular,2024-11-12 06:27:30,2024-12-12 06:27:30,OnlinePlatform,2026-02-24 03:53:42,BATCH-20260224-01
ORD-264254,2024-06-11,2024-06-11,CUST-751696,SKU-277896,C60,In-Store,672,32.59,0.98,31.61,Voucher,ZAR,Promo,2025-07-27 20:19:47,2025-08-03 20:19:47,OnlinePlatform,2026-02-24 03:53:42,BATCH-20260224-01
ORD-914482,2024-06-11,2024-06-11,CUST-629952,SKU-643806,USV,Online,255,16.72,0.5,16.22,EFT,ZAR,Promo,2025-07-07 18:54:54,2025-07-14 18:54:54,POS,2026-02-24 03:53:42,BATCH-20260224-01
ORD-696368,2024-06-11,2024-06-11,CUST-496952,SKU-735648,CHK,Online,507,53.15,1.59,51.56,Mobile Wallet,ZAR,Regular,2025-09-06 09:46:07,2025-10-06 09:46:07,POS,2026-02-24 03:53:42,BATCH-20260224-01
ORD-692298,2024-06-11,2024-06-11,CUST-781597,SKU-640257,USV,Online,51,50.93,1.53,49.4,EFT,ZAR,Promo,2024-06-11 02:02:55,2024-06-18 02:02:55,POS,2026-02-24 03:53:42,BATCH-20260224-01
ORD-257398,2024-06-11,2024-06-11,CUST-306646,SKU-968063,C60,In-Store,947,87.06,2.61,84.45,Cash,ZAR,Regular,2025-01-21 22:18:50,2025-02-21 22:18:50,OnlinePlatform,2026-02-24 03:53:42,BATCH-20260224-01
ORD-643558,2024-06-11,2024-06-11,CUST-885904,SKU-875666,C60,Online,764,30.72,0.92,29.8,EFT,ZAR,Regular,2024-05-14 16:22:09,2024-06-14 16:22:09,POS,2026-02-24 03:53:42,BATCH-20260224-01
ORD-427755,2024-06-11,2024-06-11,CUST-140528,SKU-789424,SHOP,In-Store,646,78.95,2.37,76.58,Voucher,ZAR,Promo,2024-06-13 17:26:23,2024-06-20 17:26:23,OnlinePlatform,2026-02-24 03:53:42,BATCH-20260224-01
ORD-880062,2024-06-11,2024-06-11,CUST-560060,SKU-985130,SHOP,Online,567,21.74,0.65,21.09,Voucher,ZAR,Regular,2025-02-21 22:29:16,2025-03-21 22:29:16,POS,2026-02-24 03:53:42,BATCH-20260224-01
ORD-640545,2024-06-11,2024-06-11,CUST-249806,SKU-587455,CHK,In-Store,885,36.96,1.11,35.85,Cash,ZAR,Regular,2024-03-21 22:16:54,2024-04-21 22:16:54,OnlinePlatform,2026-02-24 03:53:42,BATCH-20260224-01
ORD-122224,2024-06-11,2024-06-11,CUST-989565,SKU-317246,CHK,In-Store,428,48.64,1.46,47.18,Voucher,ZAR,Regular,2024-09-26 03:57:06,2024-10-26 03:57:06,OnlinePlatform,2026-02-24 03:53:42,BATCH-20260224-01
ORD-838129,2024-06-11,2024-06-11,CUST-278714,SKU-134068,USV,Online,646,32.26,0.97,31.29,Voucher,ZAR,Regular,2025-10-11 21:57:48,2025-11-11 21:57:48,POS,2026-02-24 03:53:42,BATCH-20260224-01
ORD-467997,2024-06-11,2024-06-11,CUST-654554,SKU-946070,CHK,Online,383,29.29,0.88,28.41,Mobile Wallet,ZAR,Regular,2025-07-15 09:44:45,2025-08-15 09:44:45,POS,2026-02-24 03:53:42,BATCH-20260224-01
ORD-645762,2024-06-11,2024-06-11,CUST-765678,SKU-981959,USV,In-Store,399,19.76,0.59,19.17,Voucher,ZAR,Regular,2025-03-16 23:14:52,2025-04-16 23:14:52,POS,2026-02-24 03:53:42,BATCH-20260224-01
ORD-610537,2024-06-11,2024-06-11,CUST-406786,SKU-104114,C60,Online,381,31.78,0.95,30.83,Voucher,ZAR,Promo,2025-03-19 20:09:53,2025-03-26 20:09:53,OnlinePlatform,2026-02-24 03:53:42,BATCH-20260224-01
ORD-411559,2024-06-11,2024-06-11,CUST-370423,SKU-331263,C60,In-Store,743,91.63,2.75,88.88,Cash,ZAR,Regular,2025-04-07 23:23:25,2025-05-07 23:23:25,POS,2026-02-24 03:53:42,BATCH-20260224-01
ORD-471788,2024-06-11,2024-06-11,CUST-854594,SKU-278134,C60,In-Store,148,88.16,2.64,85.52,EFT,ZAR,Promo,2025-08-09 16:25:45,2025-08-16 16:25:45,POS,2026-02-24 03:53:42,BATCH-20260224-01
ORD-297861,2024-06-11,2024-06-11,CUST-382589,SKU-306930,USV,Online,707,58.58,1.76,56.82,EFT,ZAR,Regular,2025-05-16 09:51:55,2025-06-16 09:51:55,POS,2026-02-24 03:53:42,BATCH-20260224-01
ORD-941109,2024-06-11,2024-06-11,CUST-608248,SKU-296051,SHOP,Online,640,27.98,0.84,27.14,Mobile Wallet,ZAR,Regular,2025-02-04 06:05:45,2025-03-04 06:05:45,OnlinePlatform,2026-02-24 03:53:42,BATCH-20260224-01
ORD-358270,2024-06-11,2024-06-11,CUST-547325,SKU-776130,USV,Online,113,76.85,2.31,74.54,Card,ZAR,Promo,2024-09-06 22:49:22,2024-09-13 22:49:22,POS,2026-02-24 03:53:42,BATCH-20260224-01
ORD-807529,2024-06-11,2024-06-11,CUST-928675,SKU-528788,USV,In-Store,45,21.89,0.66,21.23,Cash,ZAR,Promo,2025-05-20 17:19:42,2025-05-27 17:19:42,OnlinePlatform,2026-02-24 03:53:42,BATCH-20260224-01
ORD-218333,2024-06-11,2024-06-11,CUST-647796,SKU-773243,USV,In-Store,495,34.15,1.02,33.13,Voucher,ZAR,Regular,2024-03-02 15:15:04,2024-04-02 15:15:04,OnlinePlatform,2026-02-24 03:53:42,BATCH-20260224-01
ORD-275202,2024-06-11,2024-06-11,CUST-752336,SKU-433526,SHOP,In-Store,679,88.63,2.66,85.97,Card,ZAR,Promo,2025-01-04 05:33:10,2025-01-11 05:33:10,OnlinePlatform,2026-02-24 03:53:42,BATCH-20260224-01
ORD-292559,2024-06-11,2024-06-11,CUST-599851,SKU-391277,SHOP,In-Store,213,18.37,0.55,17.82,EFT,ZAR,Regular,2025-11-11 04:00:13,2025-12-11 04:00:13,OnlinePlatform,2026-02-24 03:53:42,BATCH-20260224-01
ORD-751905,2024-06-11,2024-06-11,CUST-564055,SKU-605386,C60,In-Store,945,110.68,3.32,107.36,EFT,ZAR,Regular,2025-07-19 14:55:31,2025-08-19 14:55:31,POS,2026-02-24 03:53:42,BATCH-20260224-01
ORD-655357,2024-06-11,2024-06-11,CUST-744873,SKU-990960,CHK,Online,803,91.84,2.76,89.08,Cash,ZAR,Regular,2025-12-15 22:56:41,2026-01-15 22:56:41,OnlinePlatform,2026-02-24 03:53:42,BATCH-20260224-01
ORD-239421,2024-06-11,2024-06-11,CUST-867480,SKU-144542,C60,In-Store,835,34.05,1.02,33.03,Card,ZAR,Regular,2025-07-27 07:18:39,2025-08-27 07:18:39,OnlinePlatform,2026-02-24 03:53:42,BATCH-20260224-01
ORD-490422,2024-06-11,2024-06-11,CUST-982132,SKU-722037,C60,In-Store,437,36.67,1.1,35.57,EFT,ZAR,Regular,2025-03-03 09:51:23,2025-04-03 09:51:23,POS,2026-02-24 03:53:42,BATCH-20260224-01
ORD-657918,2024-06-11,2024-06-11,CUST-869954,SKU-462754,USV,In-Store,374,17.01,0.51,16.5,Mobile Wallet,ZAR,Promo,2024-10-11 03:50:37,2024-10-18 03:50:37,POS,2026-02-24 03:53:42,BATCH-20260224-01
ORD-851065,2024-06-11,2024-06-11,CUST-235721,SKU-961627,SHOP,In-Store,915,53.27,1.6,51.67,Voucher,ZAR,Promo,2025-01-04 01:58:30,2025-01-11 01:58:30,POS,2026-02-24 03:53:42,BATCH-20260224-01
ORD-648403,2024-06-11,2024-06-11,CUST-404105,SKU-421590,USV,In-Store,678,24.34,0.73,23.61,EFT,ZAR,Promo,2025-09-22 12:31:51,2025-09-29 12:31:51,POS,2026-02-24 03:53:42,BATCH-20260224-01
ORD-647380,2024-06-11,2024-06-11,CUST-157676,SKU-136311,SHOP,In-Store,405,91.63,2.75,88.88,EFT,ZAR,Regular,2025-04-07 23:23:25,2025-05-07 23:23:25,POS,2026-02-24 03:53:42,BATCH-20260224-01
ORD-267939,2024-06-11,2024-06-11,CUST-458266,SKU-906433,CHK,In-Store,342,30.93,0.93,30.0,Cash,ZAR,Regular,2025-07-01 12:57:28,2025-08-01 12:57:28,OnlinePlatform,2026-02-24 03:53:42,BATCH-20260224-01
ORD-929947,2024-06-11,2024-06-11,CUST-845003,SKU-804971,CHK,In-Store,253,26.55,0.8,25.75,Card,ZAR,Regular,2024-09-13 12:34:27,2024-10-13 12:34:27,POS,2026-02-24 03:53:42,BATCH-20260224-01
ORD-492584,2024-06-11,2024-06-11,CUST-386003,SKU-938255,CHK,In-Store,246,24.25,0.73,23.52,EFT,ZAR,Regular,2025-01-02 10:30:09,2025-02-02 10:30:09,POS,2026-02-24 03:53:42,BATCH-20260224-01
ORD-328238,2024-06-11,2024-06-11,CUST-499295,SKU-985586,C60,Online,171,122.45,3.67,118.78,Cash,ZAR,Promo,2025-10-18 04:42:23,2025-10-25 04:42:23,OnlinePlatform,2026-02-24 03:53:42,BATCH-20260224-01
ORD-302409,2024-06-11,2024-06-11,CUST-441538,SKU-719717,SHOP,In-Store,796,20.07,0.6,19.47,Mobile Wallet,ZAR,Promo,2025-08-14 20:16:26,2025-08-21 20:16:26,POS,2026-02-24 03:53:42,BATCH-20260224-01
ORD-846175,2024-06-11,2024-06-11,CUST-598930,SKU-378529,C60,In-Store,328,17.37,0.52,16.85,Cash,ZAR,Promo,2025-12-16 10:01:20,2025-12-23 10:01:20,POS,2026-02-24 03:53:42,BATCH-20260224-01
ORD-808974,2024-06-11,2024-06-11,CUST-724285,SKU-689619,SHOP,In-Store,651,51.99,1.56,50.43,Mobile Wallet,ZAR,Promo,2024-10-15 17:06:22,2024-10-22 17:06:22,OnlinePlatform,2026-02-24 03:53:42,BATCH-20260224-01
ORD-687134,2024-06-11,2024-06-11,CUST-340277,SKU-315319,SHOP,Online,562,20.43,0.61,19.82,EFT,ZAR,Regular,2025-04-03 08:55:03,2025-05-03 08:55:03,POS,2026-02-24 03:53:42,BATCH-20260224-01
ORD-453093,2024-06-11,2024-06-11,CUST-822764,SKU-807169,USV,In-Store,491,31.87,0.96,30.91,Mobile Wallet,ZAR,Regular,2024-06-16 17:52:06,2024-07-16 17:52:06,POS,2026-02-24 03:53:42,BATCH-20260224-01
ORD-514047,2024-06-11,2024-06-11,CUST-885904,SKU-289808,C60,Online,807,34.12,1.02,33.1,Card,ZAR,Promo,2024-11-15 18:32:04,2024-11-22 18:32:04,OnlinePlatform,2026-02-24 03:53:42,BATCH-20260224-01
ORD-134211,2024-06-11,2024-06-11,CUST-460094,SKU-429789,SHOP,Online,409,31.78,0.95,30.83,Voucher,ZAR,Promo,2025-03-19 20:09:53,2025-03-26 20:09:53,POS,2026-02-24 03:53:42,BATCH-20260224-01
ORD-758358,2024-06-11,2024-06-11,CUST-647796,SKU-456436,USV,In-Store,359,16.78,0.5,16.28,Mobile Wallet,ZAR,Regular,2024-08-11 13:36:33,2024-09-11 13:36:33,POS,2026-02-24 03:53:42,BATCH-20260224-01
ORD-499569,2024-06-11,2024-06-11,CUST-190760,SKU-335603,CHK,Online,719,30.42,0.91,29.51,Mobile Wallet,ZAR,Regular,2025-06-19 01:30:11,2025-07-19 01:30:11,POS,2026-02-24 03:53:42,BATCH-20260224-01
ORD-931117,2024-06-11,2024-06-11,CUST-253427,SKU-259595,SHOP,Online,797,91.65,2.75,88.9,Voucher,ZAR,Promo,2025-11-18 00:01:22,2025-11-25 00:01:22,OnlinePlatform,2026-02-24 03:53:42,BATCH-20260224-01
ORD-534374,2024-06-11,2024-06-11,CUST-831544,SKU-521731,SHOP,Online,675,19.25,0.58,18.67,Card,ZAR,Regular,2024-12-11 09:15:54,2025-01-11 09:15:54,POS,2026-02-24 03:53:42,BATCH-20260224-01
ORD-291942,2024-06-11,2024-06-11,CUST-242345,SKU-319092,SHOP,Online,487,29.03,0.87,28.16,Mobile Wallet,ZAR,Regular,2025-08-25 13:29:12,2025-09-25 13:29:12,OnlinePlatform,2026-02-24 03:53:42,BATCH-20260224-01
ORD-185880,2024-06-11,2024-06-11,CUST-202729,SKU-735141,C60,In-Store,797,24.74,0.74,24.0,EFT,ZAR,Promo,2025-09-17 14:15:55,2025-09-24 14:15:55,POS,2026-02-24 03:53:42,BATCH-20260224-01
ORD-806424,2024-06-11,2024-06-11,CUST-825955,SKU-498507,C60,In-Store,378,34.16,1.02,33.14,Cash,ZAR,Regular,2025-07-13 17:36:34,2025-08-13 17:36:34,POS,2026-02-24 03:53:42,BATCH-20260224-01
ORD-139768,2024-06-11,2024-06-11,CUST-800740,SKU-777664,CHK,Online,744,35.01,1.05,33.96,Card,ZAR,Promo,2024-10-04 13:00:28,2024-10-11 13:00:28,OnlinePlatform,2026-02-24 03:53:42,BATCH-20260224-01
ORD-309031,2024-06-11,2024-06-11,CUST-872040,SKU-720543,USV,Online,429,33.5,1.0,32.49,EFT,ZAR,Regular,2024-11-24 17:24:51,2024-12-24 17:24:51,OnlinePlatform,2026-02-24 03:53:42,BATCH-20260224-01
ORD-811933,2024-06-11,2024-06-11,CUST-709876,SKU-411443,CHK,In-Store,28,16.36,0.49,15.87,Mobile Wallet,ZAR,Promo,2024-03-07 07:13:07,2024-03-14 07:13:07,POS,2026-02-24 03:53:42,BATCH-20260224-01
ORD-597389,2024-06-11,2024-06-11,CUST-533120,SKU-957411,SHOP,Online,995,16.24,0.49,15.75,Cash,ZAR,Promo,2025-02-27 01:43:09,2025-03-06 01:43:09,OnlinePlatform,2026-02-24 03:53:42,BATCH-20260224-01
ORD-637254,2024-06-11,2024-06-11,CUST-216866,SKU-760705,SHOP,Online,267,97.53,2.93,94.6,Card,ZAR,Promo,2025-07-26 00:57:12,2025-08-02 00:57:12,OnlinePlatform,2026-02-24 03:53:42,BATCH-20260224-01
ORD-619709,2024-06-11,2024-06-11,CUST-201281,SKU-989390,SHOP,Online,478,85.83,2.57,83.26,Mobile Wallet,ZAR,Promo,2024-05-01 05:13:48,2024-05-08 05:13:48,OnlinePlatform,2026-02-24 03:53:42,BATCH-20260224-01
ORD-172127,2024-06-11,2024-06-11,CUST-560060,SKU-473507,SHOP,Online,673,24.22,0.73,23.49,Voucher,ZAR,Regular,2025-07-23 09:02:13,2025-08-23 09:02:13,OnlinePlatform,2026-02-24 03:53:42,BATCH-20260224-01
ORD-954402,2024-06-11,2024-06-11,CUST-918572,SKU-354041,CHK,In-Store,943,33.76,1.01,32.75,Voucher,ZAR,Regular,2024-12-14 23:32:00,2025-01-14 23:32:00,POS,2026-02-24 03:53:42,BATCH-20260224-01
ORD-891307,2024-06-11,2024-06-11,CUST-827275,SKU-825519,SHOP,Online,460,16.93,0.51,16.42,EFT,ZAR,Promo,2024-02-14 02:29:02,2024-02-21 02:29:02,POS,2026-02-24 03:53:42,BATCH-20260224-01
ORD-362401,2024-06-11,2024-06-11,CUST-520044,SKU-618389,C60,Online,872,22.81,0.68,22.13,Cash,ZAR,Regular,2024-03-04 15:32:23,2024-04-04 15:32:23,POS,2026-02-24 03:53:42,BATCH-20260224-01
ORD-133887,2024-06-11,2024-06-11,CUST-684948,SKU-970547,USV,Online,539,31.76,0.95,30.81,Voucher,ZAR,Regular,2024-12-05 11:10:58,2025-01-05 11:10:58,POS,2026-02-24 03:53:42,BATCH-20260224-01
ORD-251173,2024-06-11,2024-06-11,CUST-325086,SKU-906003,USV,Online,466,51.56,1.55,50.01,EFT,ZAR,Regular,2025-07-14 23:33:17,2025-08-14 23:33:17,POS,2026-02-24 03:53:42,BATCH-20260224-01
ORD-758656,2024-06-11,2024-06-11,CUST-547325,SKU-359479,USV,Online,187,78.02,2.34,75.68,Mobile Wallet,ZAR,Promo,2024-10-19 08:54:37,2024-10-26 08:54:37,POS,2026-02-24 03:53:42,BATCH-20260224-01
ORD-782453,2024-06-11,2024-06-11,CUST-131255,SKU-142677,USV,In-Store,634,19.01,0.57,18.44,Card,ZAR,Promo,2025-04-07 10:39:17,2025-04-14 10:39:17,POS,2026-02-24 03:53:42,BATCH-20260224-01
ORD-336061,2024-06-11,2024-06-11,CUST-202729,SKU-372334,C60,In-Store,15,21.98,0.66,21.32,Voucher,ZAR,Promo,2024-05-12 01:22:40,2024-05-19 01:22:40,OnlinePlatform,2026-02-24 03:53:42,BATCH-20260224-01
ORD-466670,2024-06-11,2024-06-11,CUST-271338,SKU-766311,SHOP,In-Store,740,62.73,1.88,60.85,Voucher,ZAR,Regular,2025-01-21 20:10:29,2025-02-21 20:10:29,POS,2026-02-24 03:53:42,BATCH-20260224-01
ORD-268305,2024-06-11,2024-06-11,CUST-782787,SKU-345872,SHOP,In-Store,611,44.73,1.34,43.39,EFT,ZAR,Promo,2024-01-23 18:47:03,2024-01-30 18:47:03,OnlinePlatform,2026-02-24 03:53:42,BATCH-20260224-01
ORD-187683,2024-06-11,2024-06-11,CUST-560060,SKU-998978,SHOP,Online,770,54.1,1.62,52.48,Cash,ZAR,Promo,2025-02-28 23:19:02,2025-03-07 23:19:02,POS,2026-02-24 03:53:42,BATCH-20260224-01
ORD-419995,2024-06-11,2024-06-11,CUST-992241,SKU-117517,C60,In-Store,276,22.51,0.68,21.83,Voucher,ZAR,Promo,2024-02-18 10:09:51,2024-02-25 10:09:51,POS,2026-02-24 03:53:42,BATCH-20260224-01
ORD-520776,2024-06-11,2024-06-11,CUST-347881,SKU-788271,SHOP,Online,917,97.06,2.91,94.15,Voucher,ZAR,Regular,2025-02-20 17:37:19,2025-03-20 17:37:19,OnlinePlatform,2026-02-24 03:53:42,BATCH-20260224-01
ORD-524579,2024-06-11,2024-06-11,CUST-599851,SKU-962635,SHOP,In-Store,713,31.8,0.95,30.85,Voucher,ZAR,Regular,2025-01-10 18:25:07,2025-02-10 18:25:07,POS,2026-02-24 03:53:42,BATCH-20260224-01
ORD-723747,2024-06-11,2024-06-11,CUST-428995,SKU-610713,USV,In-Store,864,26.4,0.79,25.61,Voucher,ZAR,Regular,2024-12-27 19:33:15,2025-01-27 19:33:15,OnlinePlatform,2026-02-24 03:53:42,BATCH-20260224-01
ORD-500322,2024-06-11,2024-06-11,CUST-846519,SKU-621068,CHK,Online,501,26.68,0.8,25.88,Cash,ZAR,Promo,2025-02-11 03:47:14,2025-02-18 03:47:14,POS,2026-02-24 03:53:42,BATCH-20260224-01
ORD-264363,2024-06-11,2024-06-11,CUST-247047,SKU-885957,CHK,In-Store,539,54.75,1.64,53.11,Voucher,ZAR,Promo,2025-09-17 19:13:22,2025-09-24 19:13:22,POS,2026-02-24 03:53:42,BATCH-20260224-01
ORD-458025,2024-06-11,2024-06-11,CUST-668957,SKU-113916,CHK,Online,936,16.9,0.51,16.39,Card,ZAR,Regular,2024-05-19 15:42:23,2024-06-19 15:42:23,OnlinePlatform,2026-02-24 03:53:42,BATCH-20260224-01
ORD-161730,2024-06-11,2024-06-11,CUST-412023,SKU-673134,USV,Online,145,43.51,1.31,42.2,Mobile Wallet,ZAR,Regular,2024-01-22 08:12:12,2024-02-22 08:12:12,OnlinePlatform,2026-02-24 03:53:42,BATCH-20260224-01
ORD-976884,2024-06-11,2024-06-11,CUST-778278,SKU-246477,SHOP,Online,732,19.51,0.59,18.92,Cash,ZAR,Regular,2024-06-27 15:12:05,2024-07-27 15:12:05,OnlinePlatform,2026-02-24 03:53:42,BATCH-20260224-01
ORD-746566,2024-06-11,2024-06-11,CUST-822764,SKU-853461,USV,In-Store,220,27.98,0.84,27.14,Cash,ZAR,Regular,2025-05-27 19:09:02,2025-06-27 19:09:02,POS,2026-02-24 03:53:42,BATCH-20260224-01
ORD-370069,2024-06-11,2024-06-11,CUST-881064,SKU-350398,CHK,Online,644,48.61,1.46,47.15,EFT,ZAR,Promo,2025-06-24 05:35:44,2025-07-01 05:35:44,OnlinePlatform,2026-02-24 03:53:42,BATCH-20260224-01
ORD-815734,2024-06-11,2024-06-11,CUST-860949,SKU-933974,USV,Online,612,27.92,0.84,27.08,EFT,ZAR,Promo,2024-08-16 14:20:45,2024-08-23 14:20:45,OnlinePlatform,2026-02-24 03:53:42,BATCH-20260224-01
ORD-430294,2024-06-11,2024-06-11,CUST-765678,SKU-567154,USV,In-Store,234,25.07,0.75,24.32,Mobile Wallet,ZAR,Promo,2024-02-15 13:30:41,2024-02-22 13:30:41,POS,2026-02-24 03:53:42,BATCH-20260224-01
ORD-978294,2024-06-11,2024-06-11,CUST-471305,SKU-509711,USV,In-Store,935,83.46,2.5,80.96,EFT,ZAR,Regular,2024-12-19 22:17:45,2025-01-19 22:17:45,POS,2026-02-24 03:53:42,BATCH-20260224-01
ORD-697855,2024-06-11,2024-06-11,CUST-278714,SKU-477783,USV,Online,268,23.15,0.69,22.46,Cash,ZAR,Regular,2024-06-28 08:29:50,2024-07-28 08:29:50,OnlinePlatform,2026-02-24 03:53:42,BATCH-20260224-01
ORD-717285,2024-06-11,2024-06-11,CUST-768892,SKU-503247,SHOP,Online,327,36.96,1.11,35.85,Card,ZAR,Regular,2024-03-21 22:16:54,2024-04-21 22:16:54,OnlinePlatform,2026-02-24 03:53:42,BATCH-20260224-01
ORD-822440,2024-06-11,2024-06-11,CUST-515168,SKU-294104,USV,In-Store,89,34.56,1.04,33.52,Mobile Wallet,ZAR,Regular,2025-09-26 17:55:47,2025-10-26 17:55:47,POS,2026-02-24 03:53:42,BATCH-20260224-01
ORD-201352,2024-06-11,2024-06-11,CUST-244709,SKU-710450,SHOP,Online,604,16.74,0.5,16.24,EFT,ZAR,Promo,2024-03-22 21:56:01,2024-03-29 21:56:01,OnlinePlatform,2026-02-24 03:53:42,BATCH-20260224-01
ORD-839604,2024-06-11,2024-06-11,CUST-744873,SKU-171334,CHK,Online,285,17.41,0.52,16.89,Mobile Wallet,ZAR,Regular,2024-06-28 14:38:47,2024-07-28 14:38:47,POS,2026-02-24 03:53:42,BATCH-20260224-01
ORD-257319,2024-06-11,2024-06-11,CUST-131322,SKU-430054,USV,Online,53,17.24,0.52,16.72,EFT,ZAR,Promo,2025-12-17 06:07:24,2025-12-24 06:07:24,POS,2026-02-24 03:53:42,BATCH-20260224-01
ORD-393000,2024-06-11,2024-06-11,CUST-825087,SKU-594825,C60,In-Store,448,15.83,0.47,15.36,EFT,ZAR,Promo,2024-12-09 15:59:21,2024-12-16 15:59:21,POS,2026-02-24 03:53:42,BATCH-20260224-01
ORD-413456,2024-06-11,2024-06-11,CUST-510401,SKU-563068,C60,In-Store,127,15.2,0.46,14.74,Voucher,ZAR,Promo,2025-07-27 13:10:49,2025-08-03 13:10:49,OnlinePlatform,2026-02-24 03:53:42,BATCH-20260224-01
ORD-846247,2024-06-11,2024-06-11,CUST-885904,SKU-992861,C60,Online,529,34.16,1.02,33.14,Voucher,ZAR,Regular,2025-07-13 17:36:34,2025-08-13 17:36:34,OnlinePlatform,2026-02-24 03:53:42,BATCH-20260224-01
ORD-153228,2024-06-11,2024-06-11,CUST-447412,SKU-412704,CHK,Online,153,19.14,0.57,18.57,EFT,ZAR,Regular,2025-08-06 06:39:54,2025-09-06 06:39:54,OnlinePlatform,2026-02-24 03:53:42,BATCH-20260224-01
ORD-204613,2024-06-11,2024-06-11,CUST-831544,SKU-601977,SHOP,Online,750,35.31,1.06,34.25,Voucher,ZAR,Promo,2024-02-02 03:42:04,2024-02-09 03:42:04,POS,2026-02-24 03:53:42,BATCH-20260224-01
ORD-882901,2024-06-11,2024-06-11,CUST-412023,SKU-875666,USV,Online,526,101.7,3.05,98.65,EFT,ZAR,Regular,2025-04-03 00:57:54,2025-05-03 00:57:54,POS,2026-02-24 03:53:42,BATCH-20260224-01
ORD-704891,2024-06-11,2024-06-11,CUST-984631,SKU-551308,CHK,Online,730,18.61,0.56,18.05,Cash,ZAR,Regular,2024-04-22 11:41:59,2024-05-22 11:41:59,POS,2026-02-24 03:53:42,BATCH-20260224-01
ORD-128346,2024-06-11,2024-06-11,CUST-914668,SKU-416945,USV,Online,540,39.18,1.18,38.0,EFT,ZAR,Regular,2025-01-01 11:20:49,2025-02-01 11:20:49,OnlinePlatform,2026-02-24 03:53:42,BATCH-20260224-01
ORD-979484,2024-06-11,2024-06-11,CUST-515168,SKU-259595,USV,In-Store,452,91.63,2.75,88.88,Voucher,ZAR,Regular,2025-04-07 23:23:25,2025-05-07 23:23:25,OnlinePlatform,2026-02-24 03:53:42,BATCH-20260224-01
ORD-457483,2024-06-11,2024-06-11,CUST-497800,SKU-259178,C60,In-Store,766,25.47,0.76,24.71,Card,ZAR,Promo,2024-03-21 11:19:48,2024-03-28 11:19:48,OnlinePlatform,2026-02-24 03:53:42,BATCH-20260224-01
ORD-571790,2024-06-11,2024-06-11,CUST-239333,SKU-473336,USV,Online,906,26.92,0.81,26.11,Mobile Wallet,ZAR,Promo,2024-04-10 14:20:52,2024-04-17 14:20:52,POS,2026-02-24 03:53:42,BATCH-20260224-01
ORD-247836,2024-06-11,2024-06-11,CUST-872040,SKU-959730,USV,Online,461,51.29,1.54,49.75,Mobile Wallet,ZAR,Promo,2025-03-03 14:05:43,2025-03-10 14:05:43,OnlinePlatform,2026-02-24 03:53:42,BATCH-20260224-01
ORD-609824,2024-06-11,2024-06-11,CUST-347881,SKU-423964,SHOP,Online,918,73.8,2.21,71.59,Mobile Wallet,ZAR,Regular,2024-04-07 15:16:14,2024-05-07 15:16:14,POS,2026-02-24 03:53:42,BATCH-20260224-01
ORD-296878,2024-06-11,2024-06-11,CUST-370675,SKU-787324,CHK,Online,497,87.26,2.62,84.64,Mobile Wallet,ZAR,Regular,2025-09-08 19:27:57,2025-10-08 19:27:57,POS,2026-02-24 03:53:42,BATCH-20260224-01
ORD-110120,2024-06-11,2024-06-11,CUST-989565,SKU-897874,CHK,In-Store,235,36.7,1.1,35.6,EFT,ZAR,Regular,2024-10-07 16:26:30,2024-11-07 16:26:30,POS,2026-02-24 03:53:42,BATCH-20260224-01
ORD-775558,2024-06-11,2024-06-11,CUST-722062,SKU-298903,SHOP,Online,537,17.6,0.53,17.07,Cash,ZAR,Regular,2025-04-13 16:45:42,2025-05-13 16:45:42,POS,2026-02-24 03:53:42,BATCH-20260224-01
ORD-848269,2024-06-11,2024-06-11,CUST-829533,SKU-886471,CHK,Online,251,34.84,1.05,33.79,EFT,ZAR,Regular,2025-05-24 04:05:26,2025-06-24 04:05:26,POS,2026-02-24 03:53:42,BATCH-20260224-01
ORD-322177,2024-06-11,2024-06-11,CUST-405612,SKU-970547,SHOP,Online,340,19.14,0.57,18.57,Card,ZAR,Regular,2025-08-06 06:39:54,2025-09-06 06:39:54,OnlinePlatform,2026-02-24 03:53:42,BATCH-20260224-01
ORD-526085,2024-06-11,2024-06-11,CUST-332264,SKU-751418,USV,Online,685,20.56,0.62,19.94,Mobile Wallet,ZAR,Promo,2025-05-04 04:40:02,2025-05-11 04:40:02,POS,2026-02-24 03:53:42,BATCH-20260224-01
ORD-898605,2024-06-11,2024-06-11,CUST-982180,SKU-800091,USV,Online,510,32.11,0.96,31.15,Card,ZAR,Promo,2024-09-26 05:25:47,2024-10-03 05:25:47,OnlinePlatform,2026-02-24 03:53:42,BATCH-20260224-01
ORD-866878,2024-06-11,2024-06-11,CUST-850774,SKU-802842,C60,In-Store,982,26.86,0.81,26.05,Cash,ZAR,Regular,2024-07-26 01:56:31,2024-08-26 01:56:31,POS,2026-02-24 03:53:42,BATCH-20260224-01
ORD-680592,2024-06-11,2024-06-11,CUST-533541,SKU-711230,CHK,In-Store,61,18.4,0.55,17.85,Card,ZAR,Regular,2025-09-27 16:43:53,2025-10-27 16:43:53,POS,2026-02-24 03:53:42,BATCH-20260224-01
ORD-252647,2024-06-11,2024-06-11,CUST-936678,SKU-827006,C60,In-Store,423,91.63,2.75,88.88,Voucher,ZAR,Regular,2025-04-07 23:23:25,2025-05-07 23:23:25,OnlinePlatform,2026-02-24 03:53:42,BATCH-20260224-01
ORD-393385,2024-06-11,2024-06-11,CUST-149528,SKU-191948,SHOP,Online,864,24.28,0.73,23.55,EFT,ZAR,Promo,2024-11-25 03:11:47,2024-12-02 03:11:47,OnlinePlatform,2026-02-24 03:53:42,BATCH-20260224-01
ORD-490971,2024-06-11,2024-06-11,CUST-562566,SKU-723827,SHOP,Online,379,21.05,0.63,20.42,Voucher,ZAR,Promo,2025-11-15 04:45:29,2025-11-22 04:45:29,POS,2026-02-24 03:53:42,BATCH-20260224-01
ORD-418595,2024-06-11,2024-06-11,CUST-382651,SKU-692846,C60,Online,439,50.14,1.5,48.64,Card,ZAR,Regular,2024-09-10 04:43:26,2024-10-10 04:43:26,OnlinePlatform,2026-02-24 03:53:42,BATCH-20260224-01
ORD-111640,2024-06-11,2024-06-11,CUST-386003,SKU-638250,CHK,In-Store,783,17.41,0.52,16.89,Voucher,ZAR,Regular,2024-06-28 14:38:47,2024-07-28 14:38:47,OnlinePlatform,2026-02-24 03:53:42,BATCH-20260224-01
ORD-985761,2024-06-11,2024-06-11,CUST-859848,SKU-521623,C60,Online,895,55.85,1.68,54.17,Card,ZAR,Regular,2025-08-15 02:00:35,2025-09-15 02:00:35,POS,2026-02-24 03:53:42,BATCH-20260224-01
ORD-524797,2024-06-11,2024-06-11,CUST-917116,SKU-788739,C60,In-Store,563,23.34,0.7,22.64,Card,ZAR,Promo,2024-05-26 15:42:12,2024-06-02 15:42:12,OnlinePlatform,2026-02-24 03:53:42,BATCH-20260224-01
ORD-377930,2024-06-11,2024-06-11,CUST-882397,SKU-183060,C60,Online,953,32.84,0.99,31.85,Card,ZAR,Promo,2024-06-19 23:29:38,2024-06-26 23:29:38,POS,2026-02-24 03:53:42,BATCH-20260224-01
ORD-474476,2024-06-11,2024-06-11,CUST-601227,SKU-831773,SHOP,Online,597,17.47,0.52,16.95,Voucher,ZAR,Promo,2024-10-12 07:57:33,2024-10-19 07:57:33,OnlinePlatform,2026-02-24 03:53:42,BATCH-20260224-01
ORD-927228,2024-06-11,2024-06-11,CUST-201281,SKU-590499,SHOP,Online,573,31.37,0.94,30.43,Mobile Wallet,ZAR,Regular,2025-07-16 08:17:06,2025-08-16 08:17:06,OnlinePlatform,2026-02-24 03:53:42,BATCH-20260224-01
ORD-760786,2024-06-11,2024-06-11,CUST-552173,SKU-372650,USV,Online,630,26.96,0.81,26.15,Mobile Wallet,ZAR,Promo,2024-08-26 10:52:09,2024-09-02 10:52:09,OnlinePlatform,2026-02-24 03:53:42,BATCH-20260224-01
ORD-827965,2024-06-11,2024-06-11,CUST-146749,SKU-208179,SHOP,Online,615,38.42,1.15,37.27,Mobile Wallet,ZAR,Regular,2024-10-19 05:48:12,2024-11-19 05:48:12,OnlinePlatform,2026-02-24 03:53:42,BATCH-20260224-01
ORD-554560,2024-06-11,2024-06-11,CUST-295582,SKU-139716,CHK,In-Store,396,15.0,0.45,14.55,EFT,ZAR,Promo,2024-07-25 01:50:32,2024-08-01 01:50:32,OnlinePlatform,2026-02-24 03:53:42,BATCH-20260224-01
ORD-919615,2024-06-11,2024-06-11,CUST-973258,SKU-983463,C60,Online,107,24.69,0.74,23.95,Mobile Wallet,ZAR,Regular,2024-03-20 22:39:17,2024-04-20 22:39:17,OnlinePlatform,2026-02-24 03:53:42,BATCH-20260224-01
ORD-481412,2024-06-11,2024-06-11,CUST-831425,SKU-417908,CHK,In-Store,514,22.32,0.67,21.65,EFT,ZAR,Regular,2024-10-13 13:03:47,2024-11-13 13:03:47,POS,2026-02-24 03:53:42,BATCH-20260224-01
ORD-930603,2024-06-11,2024-06-11,CUST-888122,SKU-753591,CHK,Online,167,100.42,3.01,97.41,Card,ZAR,Regular,2025-10-06 19:42:50,2025-11-06 19:42:50,POS,2026-02-24 03:53:42,BATCH-20260224-01
ORD-901153,2024-06-11,2024-06-11,CUST-976460,SKU-875132,CHK,In-Store,226,100.42,3.01,97.41,Mobile Wallet,ZAR,Regular,2025-10-06 19:42:50,2025-11-06 19:42:50,POS,2026-02-24 03:53:42,BATCH-20260224-01
ORD-217797,2024-06-11,2024-06-11,CUST-654554,SKU-298467,CHK,Online,992,14.96,0.45,14.51,Mobile Wallet,ZAR,Regular,2024-10-24 15:41:58,2024-11-24 15:41:58,OnlinePlatform,2026-02-24 03:53:42,BATCH-20260224-01
ORD-736101,2024-06-11,2024-06-11,CUST-482060,SKU-337267,SHOP,In-Store,263,17.45,0.52,16.93,Voucher,ZAR,Promo,2025-12-21 01:31:23,2025-12-28 01:31:23,POS,2026-02-24 03:53:42,BATCH-20260224-01
ORD-230258,2024-06-11,2024-06-11,CUST-142383,SKU-449774,USV,In-Store,499,31.37,0.94,30.43,Cash,ZAR,Promo,2024-09-09 02:40:21,2024-09-16 02:40:21,POS,2026-02-24 03:53:42,BATCH-20260224-01
ORD-227881,2024-06-11,2024-06-11,CUST-871438,SKU-976788,CHK,In-Store,891,83.17,2.5,80.67,Mobile Wallet,ZAR,Regular,2024-07-27 16:35:32,2024-08-27 16:35:32,OnlinePlatform,2026-02-24 03:53:42,BATCH-20260224-01
ORD-328208,2024-06-11,2024-06-11,CUST-647796,SKU-498507,USV,In-Store,936,19.17,0.58,18.59,Card,ZAR,Promo,2024-01-02 13:12:10,2024-01-09 13:12:10,POS,2026-02-24 03:53:42,BATCH-20260224-01
ORD-474050,2024-06-11,2024-06-11,CUST-760583,SKU-560432,SHOP,Online,968,36.37,1.09,35.28,EFT,ZAR,Promo,2024-02-13 13:05:49,2024-02-20 13:05:49,OnlinePlatform,2026-02-24 03:53:42,BATCH-20260224-01
ORD-878121,2024-06-11,2024-06-11,CUST-235721,SKU-617090,SHOP,In-Store,211,15.07,0.45,14.62,Cash,ZAR,Regular,2024-11-25 05:02:34,2024-12-25 05:02:34,POS,2026-02-24 03:53:42,BATCH-20260224-01
ORD-441800,2024-06-11,2024-06-11,CUST-666893,SKU-456436,SHOP,Online,322,104.53,3.14,101.39,Card,ZAR,Regular,2025-02-18 09:46:08,2025-03-18 09:46:08,POS,2026-02-24 03:53:42,BATCH-20260224-01
ORD-193645,2024-06-11,2024-06-11,CUST-526811,SKU-674010,CHK,In-Store,788,20.15,0.6,19.55,EFT,ZAR,Regular,2025-06-07 17:17:08,2025-07-07 17:17:08,POS,2026-02-24 03:53:42,BATCH-20260224-01
ORD-753681,2024-06-11,2024-06-11,CUST-601857,SKU-925494,CHK,Online,772,18.89,0.57,18.32,Voucher,ZAR,Regular,2025-10-11 18:22:43,2025-11-11 18:22:43,POS,2026-02-24 03:53:42,BATCH-20260224-01
ORD-556878,2024-06-11,2024-06-11,CUST-831544,SKU-418288,SHOP,Online,316,22.78,0.68,22.1,Mobile Wallet,ZAR,Promo,2025-12-17 20:23:15,2025-12-24 20:23:15,OnlinePlatform,2026-02-24 03:53:42,BATCH-20260224-01
ORD-172424,2024-06-11,2024-06-11,CUST-434503,SKU-787341,SHOP,In-Store,38,17.91,0.54,17.37,Mobile Wallet,ZAR,Regular,2025-03-10 03:32:08,2025-04-10 03:32:08,POS,2026-02-24 03:53:42,BATCH-20260224-01
ORD-227043,2024-06-11,2024-06-11,CUST-848019,SKU-681901,SHOP,In-Store,715,41.22,1.24,39.98,Voucher,ZAR,Promo,2024-04-01 05:27:04,2024-04-08 05:27:04,OnlinePlatform,2026-02-24 03:53:42,BATCH-20260224-01
ORD-384965,2024-06-11,2024-06-11,CUST-337160,SKU-727995,CHK,Online,145,54.15,1.62,52.53,Voucher,ZAR,Regular,2025-05-12 09:12:06,2025-06-12 09:12:06,POS,2026-02-24 03:53:42,BATCH-20260224-01
ORD-713606,2024-06-11,2024-06-11,CUST-727861,SKU-690427,USV,In-Store,804,17.6,0.53,17.07,Cash,ZAR,Regular,2025-04-07 16:15:08,2025-05-07 16:15:08,POS,2026-02-24 03:53:42,BATCH-20260224-01
ORD-953830,2024-06-11,2024-06-11,CUST-597307,SKU-968063,C60,In-Store,16,17.26,0.52,16.74,Voucher,ZAR,Promo,2025-11-27 23:02:38,2025-12-04 23:02:38,OnlinePlatform,2026-02-24 03:53:42,BATCH-20260224-01
ORD-383381,2024-06-11,2024-06-11,CUST-105046,SKU-544344,CHK,In-Store,172,86.32,2.59,83.73,Cash,ZAR,Promo,2024-11-09 03:48:37,2024-11-16 03:48:37,OnlinePlatform,2026-02-24 03:53:42,BATCH-20260224-01
ORD-666588,2024-06-11,2024-06-11,CUST-479298,SKU-764078,USV,In-Store,183,52.18,1.57,50.61,Voucher,ZAR,Promo,2024-05-21 20:49:10,2024-05-28 20:49:10,OnlinePlatform,2026-02-24 03:53:42,BATCH-20260224-01
ORD-906965,2024-06-11,2024-06-11,CUST-306646,SKU-118269,C60,In-Store,504,30.88,0.93,29.95,Cash,ZAR,Regular,2024-06-27 10:31:43,2024-07-27 10:31:43,POS,2026-02-24 03:53:42,BATCH-20260224-01
ORD-383515,2024-06-11,2024-06-11,CUST-854594,SKU-751418,C60,In-Store,511,33.78,1.01,32.77,Card,ZAR,Promo,2024-08-01 05:44:51,2024-08-08 05:44:51,OnlinePlatform,2026-02-24 03:53:42,BATCH-20260224-01
ORD-864867,2024-06-11,2024-06-11,CUST-936678,SKU-799445,C60,In-Store,846,31.37,0.94,30.43,Mobile Wallet,ZAR,Promo,2024-09-09 02:40:21,2024-09-16 02:40:21,POS,2026-02-24 03:53:42,BATCH-20260224-01
ORD-908286,2024-06-11,2024-06-11,CUST-222708,SKU-740766,SHOP,Online,81,14.96,0.45,14.51,Mobile Wallet,ZAR,Regular,2024-10-24 15:41:58,2024-11-24 15:41:58,POS,2026-02-24 03:53:42,BATCH-20260224-01
ORD-147658,2024-06-11,2024-06-11,CUST-405612,SKU-276845,SHOP,Online,228,33.44,1.0,32.44,Voucher,ZAR,Promo,2025-01-18 14:16:19,2025-01-25 14:16:19,OnlinePlatform,2026-02-24 03:53:42,BATCH-20260224-01
ORD-730676,2024-06-11,2024-06-11,CUST-827275,SKU-462754,SHOP,Online,327,90.82,2.72,88.1,Voucher,ZAR,Regular,2025-04-14 07:13:22,2025-05-14 07:13:22,POS,2026-02-24 03:53:42,BATCH-20260224-01
ORD-787877,2024-06-11,2024-06-11,CUST-425244,SKU-550739,CHK,In-Store,71,14.98,0.45,14.53,Mobile Wallet,ZAR,Promo,2024-03-17 22:53:32,2024-03-24 22:53:32,OnlinePlatform,2026-02-24 03:53:42,BATCH-20260224-01
ORD-467651,2024-06-11,2024-06-11,CUST-264118,SKU-429789,CHK,In-Store,307,19.26,0.58,18.68,Voucher,ZAR,Promo,2024-01-06 15:38:11,2024-01-13 15:38:11,POS,2026-02-24 03:53:42,BATCH-20260224-01
ORD-413799,2024-06-11,2024-06-11,CUST-934874,SKU-901605,USV,In-Store,433,19.97,0.6,19.37,Voucher,ZAR,Promo,2025-11-18 00:06:13,2025-11-25 00:06:13,POS,2026-02-24 03:53:42,BATCH-20260224-01
ORD-792922,2024-06-11,2024-06-11,CUST-993944,SKU-102127,C60,Online,582,33.39,1.0,32.39,EFT,ZAR,Regular,2025-05-25 07:48:38,2025-06-25 07:48:38,POS,2026-02-24 03:53:42,BATCH-20260224-01
ORD-944252,2024-06-11,2024-06-11,CUST-306646,SKU-967144,C60,In-Store,291,30.2,0.91,29.29,Card,ZAR,Regular,2024-01-16 19:16:07,2024-02-16 19:16:07,OnlinePlatform,2026-02-24 03:53:42,BATCH-20260224-01
ORD-430081,2024-06-11,2024-06-11,CUST-547325,SKU-226069,USV,Online,853,33.72,1.01,32.71,Voucher,ZAR,Regular,2025-04-06 16:32:45,2025-05-06 16:32:45,OnlinePlatform,2026-02-24 03:53:42,BATCH-20260224-01
ORD-411052,2024-06-11,2024-06-11,CUST-825087,SKU-115673,C60,In-Store,201,22.81,0.68,22.13,Mobile Wallet,ZAR,Regular,2024-03-04 15:32:23,2024-04-04 15:32:23,OnlinePlatform,2026-02-24 03:53:42,BATCH-20260224-01
ORD-440147,2024-06-11,2024-06-11,CUST-406786,SKU-341378,C60,Online,617,85.9,2.58,83.32,Card,ZAR,Promo,2024-10-15 13:18:38,2024-10-22 13:18:38,OnlinePlatform,2026-02-24 03:53:42,BATCH-20260224-01
ORD-996311,2024-06-11,2024-06-11,CUST-520044,SKU-459145,C60,Online,160,37.93,1.14,36.79,Mobile Wallet,ZAR,Promo,2024-05-26 03:37:36,2024-06-02 03:37:36,POS,2026-02-24 03:53:42,BATCH-20260224-01
ORD-875410,2024-06-11,2024-06-11,CUST-105046,SKU-448763,CHK,In-Store,353,37.39,1.12,36.27,Cash,ZAR,Regular,2025-09-03 22:41:39,2025-10-03 22:41:39,POS,2026-02-24 03:53:42,BATCH-20260224-01
ORD-974510,2024-06-11,2024-06-11,CUST-386003,SKU-962854,CHK,In-Store,233,86.32,2.59,83.73,Mobile Wallet,ZAR,Promo,2024-11-09 03:48:37,2024-11-16 03:48:37,POS,2026-02-24 03:53:42,BATCH-20260224-01
ORD-422469,2024-06-11,2024-06-11,CUST-264118,SKU-643579,CHK,In-Store,121,23.14,0.69,22.45,Card,ZAR,Promo,2024-12-10 13:08:08,2024-12-17 13:08:08,POS,2026-02-24 03:53:42,BATCH-20260224-01
ORD-285994,2024-06-11,2024-06-11,CUST-375765,SKU-127082,C60,Online,290,23.29,0.7,22.59,Card,ZAR,Regular,2025-02-15 13:27:11,2025-03-15 13:27:11,OnlinePlatform,2026-02-24 03:53:42,BATCH-20260224-01
ORD-398077,2024-06-11,2024-06-11,CUST-848019,SKU-278188,SHOP,In-Store,791,20.53,0.62,19.91,Voucher,ZAR,Promo,2024-12-18 15:48:23,2024-12-25 15:48:23,OnlinePlatform,2026-02-24 03:53:42,BATCH-20260224-01
ORD-412603,2024-06-11,2024-06-11,CUST-928675,SKU-485086,USV,In-Store,567,30.69,0.92,29.77,Mobile Wallet,ZAR,Promo,2025-02-07 14:31:29,2025-02-14 14:31:29,POS,2026-02-24 03:53:42,BATCH-20260224-01
ORD-532812,2024-06-11,2024-06-11,CUST-788811,SKU-439976,C60,Online,241,84.03,2.52,81.51,Voucher,ZAR,Regular,2024-12-03 21:42:23,2025-01-03 21:42:23,POS,2026-02-24 03:53:42,BATCH-20260224-01
ORD-176246,2024-06-11,2024-06-11,CUST-982180,SKU-946070,USV,Online,822,33.06,0.99,32.07,EFT,ZAR,Promo,2024-10-28 20:50:33,2024-11-04 20:50:33,POS,2026-02-24 03:53:42,BATCH-20260224-01
ORD-856985,2024-06-11,2024-06-11,CUST-526811,SKU-225363,CHK,In-Store,539,20.29,0.61,19.68,Cash,ZAR,Promo,2025-05-04 18:38:27,2025-05-11 18:38:27,POS,2026-02-24 03:53:42,BATCH-20260224-01
ORD-842278,2024-06-11,2024-06-11,CUST-441538,SKU-297030,SHOP,In-Store,812,30.0,0.9,29.1,Cash,ZAR,Promo,2024-04-10 09:11:04,2024-04-17 09:11:04,OnlinePlatform,2026-02-24 03:53:42,BATCH-20260224-01
ORD-190395,2024-06-11,2024-06-11,CUST-277648,SKU-590242,C60,Online,950,30.42,0.91,29.51,Cash,ZAR,Regular,2025-06-19 01:30:11,2025-07-19 01:30:11,OnlinePlatform,2026-02-24 03:53:42,BATCH-20260224-01
ORD-821688,2024-06-11,2024-06-11,CUST-112842,SKU-596498,USV,Online,603,39.74,1.19,38.55,Card,ZAR,Promo,2024-09-23 12:37:22,2024-09-30 12:37:22,POS,2026-02-24 03:53:42,BATCH-20260224-01
ORD-121815,2024-06-11,2024-06-11,CUST-386003,SKU-410850,CHK,In-Store,178,36.31,1.09,35.22,Cash,ZAR,Regular,2025-07-18 15:05:44,2025-08-18 15:05:44,POS,2026-02-24 03:53:42,BATCH-20260224-01
ORD-106364,2024-06-11,2024-06-11,CUST-404105,SKU-635653,USV,In-Store,965,22.13,0.66,21.47,Cash,ZAR,Regular,2024-02-18 21:22:07,2024-03-18 21:22:07,POS,2026-02-24 03:53:42,BATCH-20260224-01
ORD-648982,2024-06-11,2024-06-11,CUST-970626,SKU-598939,USV,Online,975,62.46,1.87,60.59,Cash,ZAR,Regular,2025-12-24 04:04:08,2026-01-24 04:04:08,OnlinePlatform,2026-02-24 03:53:42,BATCH-20260224-01
ORD-278419,2024-06-11,2024-06-11,CUST-982132,SKU-185020,C60,In-Store,431,16.52,0.5,16.02,Voucher,ZAR,Regular,2024-12-25 23:34:04,2025-01-25 23:34:04,OnlinePlatform,2026-02-24 03:53:42,BATCH-20260224-01
ORD-284771,2024-06-11,2024-06-11,CUST-625512,SKU-201022,C60,Online,72,33.73,1.01,32.72,Voucher,ZAR,Promo,2025-02-16 16:03:59,2025-02-23 16:03:59,OnlinePlatform,2026-02-24 03:53:42,BATCH-20260224-01
ORD-168077,2024-06-11,2024-06-11,CUST-316941,SKU-705442,C60,Online,527,33.73,1.01,32.72,Card,ZAR,Promo,2025-02-16 16:03:59,2025-02-23 16:03:59,OnlinePlatform,2026-02-24 03:53:42,BATCH-20260224-01
ORD-375552,2024-06-11,2024-06-11,CUST-253427,SKU-473336,SHOP,Online,539,20.89,0.63,20.26,EFT,ZAR,Regular,2025-10-01 10:56:53,2025-11-01 10:56:53,OnlinePlatform,2026-02-24 03:53:42,BATCH-20260224-01
ORD-820948,2024-06-11,2024-06-11,CUST-643306,SKU-835680,SHOP,Online,297,43.27,1.3,41.97,EFT,ZAR,Regular,2025-05-15 02:43:27,2025-06-15 02:43:27,OnlinePlatform,2026-02-24 03:53:42,BATCH-20260224-01
ORD-870390,2024-06-11,2024-06-11,CUST-347881,SKU-605005,SHOP,Online,136,23.3,0.7,22.6,Voucher,ZAR,Regular,2025-07-10 06:21:51,2025-08-10 06:21:51,OnlinePlatform,2026-02-24 03:53:42,BATCH-20260224-01
ORD-760629,2024-06-11,2024-06-11,CUST-548674,SKU-412704,SHOP,Online,94,46.4,1.39,45.01,Cash,ZAR,Regular,2024-07-25 07:39:53,2024-08-25 07:39:53,POS,2026-02-24 03:53:42,BATCH-20260224-01
ORD-696104,2024-06-11,2024-06-11,CUST-425244,SKU-536260,CHK,In-Store,107,38.46,1.15,37.31,EFT,ZAR,Regular,2025-07-14 07:52:42,2025-08-14 07:52:42,POS,2026-02-24 03:53:42,BATCH-20260224-01
ORD-910260,2024-06-11,2024-06-11,CUST-982180,SKU-410272,USV,Online,109,31.83,0.95,30.88,Card,ZAR,Promo,2025-05-20 12:39:00,2025-05-27 12:39:00,OnlinePlatform,2026-02-24 03:53:42,BATCH-20260224-01
ORD-582944,2024-06-11,2024-06-11,CUST-993944,SKU-291854,C60,Online,839,52.43,1.57,50.86,Card,ZAR,Promo,2024-10-24 12:01:46,2024-10-31 12:01:46,OnlinePlatform,2026-02-24 03:53:42,BATCH-20260224-01
ORD-797928,2024-06-11,2024-06-11,CUST-405612,SKU-621068,SHOP,Online,89,86.41,2.59,83.82,Mobile Wallet,ZAR,Regular,2024-08-24 09:56:45,2024-09-24 09:56:45,OnlinePlatform,2026-02-24 03:53:42,BATCH-20260224-01
ORD-521736,2024-06-11,2024-06-11,CUST-444910,SKU-202832,USV,Online,535,19.63,0.59,19.04,Mobile Wallet,ZAR,Regular,2024-12-23 17:47:52,2025-01-23 17:47:52,OnlinePlatform,2026-02-24 03:53:42,BATCH-20260224-01
ORD-841216,2024-06-11,2024-06-11,CUST-521110,SKU-179901,C60,Online,373,14.82,0.44,14.38,Cash,ZAR,Promo,2024-07-04 03:22:18,2024-07-11 03:22:18,OnlinePlatform,2026-02-24 03:53:42,BATCH-20260224-01
ORD-830474,2024-06-11,2024-06-11,CUST-406786,SKU-989518,C60,Online,235,33.67,1.01,32.66,EFT,ZAR,Regular,2025-08-06 12:07:22,2025-09-06 12:07:22,OnlinePlatform,2026-02-24 03:53:42,BATCH-20260224-01
ORD-769341,2024-06-11,2024-06-11,CUST-741426,SKU-955801,CHK,Online,47,17.82,0.53,17.29,Card,ZAR,Promo,2024-12-08 00:51:04,2024-12-15 00:51:04,POS,2026-02-24 03:53:42,BATCH-20260224-01
ORD-780463,2024-06-11,2024-06-11,CUST-926871,SKU-644583,C60,Online,991,30.25,0.91,29.34,Voucher,ZAR,Promo,2024-11-26 23:37:08,2024-12-03 23:37:08,POS,2026-02-24 03:53:42,BATCH-20260224-01
ORD-354057,2024-06-11,2024-06-11,CUST-752336,SKU-613123,SHOP,In-Store,806,41.68,1.25,40.43,Card,ZAR,Regular,2025-09-23 11:14:43,2025-10-23 11:14:43,POS,2026-02-24 03:53:42,BATCH-20260224-01
ORD-148342,2024-06-11,2024-06-11,CUST-479298,SKU-249237,USV,In-Store,265,43.55,1.31,42.24,Card,ZAR,Regular,2025-12-02 20:11:23,2026-01-02 20:11:23,POS,2026-02-24 03:53:42,BATCH-20260224-01
ORD-530642,2024-06-11,2024-06-11,CUST-659122,SKU-959763,USV,In-Store,610,17.51,0.53,16.98,Cash,ZAR,Promo,2024-05-27 08:45:10,2024-06-03 08:45:10,POS,2026-02-24 03:53:42,BATCH-20260224-01
ORD-181112,2024-06-11,2024-06-11,CUST-222708,SKU-621903,SHOP,Online,658,54.88,1.65,53.23,Mobile Wallet,ZAR,Promo,2025-06-23 23:12:11,2025-06-30 23:12:11,POS,2026-02-24 03:53:42,BATCH-20260224-01
ORD-740420,2024-06-11,2024-06-11,CUST-460094,SKU-922581,SHOP,Online,641,15.04,0.45,14.59,Card,ZAR,Regular,2025-07-10 09:13:13,2025-08-10 09:13:13,OnlinePlatform,2026-02-24 03:53:42,BATCH-20260224-01
ORD-226785,2024-06-11,2024-06-11,CUST-640948,SKU-643806,CHK,In-Store,808,93.8,2.81,90.99,EFT,ZAR,Regular,2024-10-15 11:28:53,2024-11-15 11:28:53,OnlinePlatform,2026-02-24 03:53:42,BATCH-20260224-01
ORD-585974,2024-06-11,2024-06-11,CUST-832460,SKU-346925,SHOP,Online,41,94.39,2.83,91.56,Cash,ZAR,Regular,2024-09-26 10:29:13,2024-10-26 10:29:13,POS,2026-02-24 03:53:42,BATCH-20260224-01
ORD-584425,2024-06-11,2024-06-11,CUST-412023,SKU-549014,USV,Online,258,27.84,0.84,27.0,Mobile Wallet,ZAR,Promo,2025-07-07 06:20:34,2025-07-14 06:20:34,POS,2026-02-24 03:53:42,BATCH-20260224-01
ORD-975652,2024-06-11,2024-06-11,CUST-562566,SKU-985130,SHOP,Online,321,91.4,2.74,88.66,Voucher,ZAR,Promo,2025-07-19 05:47:44,2025-07-26 05:47:44,POS,2026-02-24 03:53:42,BATCH-20260224-01
ORD-797375,2024-06-11,2024-06-11,CUST-293828,SKU-103909,CHK,In-Store,172,21.98,0.66,21.32,Voucher,ZAR,Promo,2024-05-12 01:22:40,2024-05-19 01:22:40,POS,2026-02-24 03:53:42,BATCH-20260224-01
ORD-959974,2024-06-11,2024-06-11,CUST-782787,SKU-250776,SHOP,In-Store,660,16.82,0.5,16.32,Card,ZAR,Promo,2024-01-11 19:24:19,2024-01-18 19:24:19,POS,2026-02-24 03:53:42,BATCH-20260224-01
ORD-922433,2024-06-11,2024-06-11,CUST-321378,SKU-120497,C60,Online,107,30.88,0.93,29.95,Mobile Wallet,ZAR,Regular,2024-06-27 10:31:43,2024-07-27 10:31:43,OnlinePlatform,2026-02-24 03:53:42,BATCH-20260224-01
ORD-976355,2024-06-11,2024-06-11,CUST-553491,SKU-317246,CHK,In-Store,958,119.84,3.6,116.24,Cash,ZAR,Promo,2024-01-09 01:35:51,2024-01-16 01:35:51,OnlinePlatform,2026-02-24 03:53:42,BATCH-20260224-01
ORD-524274,2024-06-11,2024-06-11,CUST-174374,SKU-341378,CHK,Online,371,16.78,0.5,16.28,Mobile Wallet,ZAR,Regular,2024-08-11 13:36:33,2024-09-11 13:36:33,OnlinePlatform,2026-02-24 03:53:42,BATCH-20260224-01
ORD-481225,2024-06-11,2024-06-11,CUST-198544,SKU-229604,SHOP,Online,905,34.29,1.03,33.26,Card,ZAR,Promo,2024-08-18 01:03:36,2024-08-25 01:03:36,POS,2026-02-24 03:53:42,BATCH-20260224-01
ORD-188176,2024-06-11,2024-06-11,CUST-765678,SKU-254698,USV,In-Store,876,46.12,1.38,44.74,Voucher,ZAR,Promo,2025-07-09 04:56:07,2025-07-16 04:56:07,POS,2026-02-24 03:53:42,BATCH-20260224-01
ORD-685572,2024-06-11,2024-06-11,CUST-339475,SKU-857860,USV,In-Store,435,29.19,0.88,28.31,Cash,ZAR,Promo,2024-02-22 16:11:39,2024-02-29 16:11:39,POS,2026-02-24 03:53:42,BATCH-20260224-01
ORD-658872,2024-06-11,2024-06-11,CUST-860949,SKU-268238,USV,Online,383,22.63,0.68,21.95,Voucher,ZAR,Promo,2025-10-27 06:22:31,2025-11-03 06:22:31,POS,2026-02-24 03:53:42,BATCH-20260224-01
ORD-319944,2024-06-11,2024-06-11,CUST-171827,SKU-558009,USV,Online,426,34.47,1.03,33.44,Voucher,ZAR,Regular,2024-06-10 23:28:01,2024-07-10 23:28:01,OnlinePlatform,2026-02-24 03:53:42,BATCH-20260224-01
ORD-524838,2024-06-11,2024-06-11,CUST-405250,SKU-893740,CHK,In-Store,766,74.6,2.24,72.36,Card,ZAR,Regular,2025-01-03 04:39:18,2025-02-03 04:39:18,OnlinePlatform,2026-02-24 03:53:42,BATCH-20260224-01
ORD-452594,2024-06-11,2024-06-11,CUST-504306,SKU-551920,CHK,In-Store,227,22.75,0.68,22.07,Voucher,ZAR,Promo,2024-02-06 10:12:54,2024-02-13 10:12:54,POS,2026-02-24 03:53:42,BATCH-20260224-01
ORD-692104,2024-06-11,2024-06-11,CUST-822764,SKU-226069,USV,In-Store,531,119.29,3.58,115.71,EFT,ZAR,Promo,2024-12-08 03:25:51,2024-12-15 03:25:51,POS,2026-02-24 03:53:42,BATCH-20260224-01
ORD-867878,2024-06-11,2024-06-11,CUST-947616,SKU-226069,USV,Online,766,21.18,0.64,20.54,Voucher,ZAR,Regular,2024-09-11 17:27:55,2024-10-11 17:27:55,POS,2026-02-24 03:53:42,BATCH-20260224-01
ORD-635741,2024-06-11,2024-06-11,CUST-832886,SKU-605631,USV,In-Store,591,58.57,1.76,56.81,Cash,ZAR,Regular,2025-10-15 03:30:50,2025-11-15 03:30:50,OnlinePlatform,2026-02-24 03:53:42,BATCH-20260224-01
ORD-255108,2024-06-11,2024-06-11,CUST-954647,SKU-962635,CHK,Online,560,82.25,2.47,79.78,Mobile Wallet,ZAR,Regular,2025-08-13 07:28:49,2025-09-13 07:28:49,POS,2026-02-24 03:53:42,BATCH-20260224-01
ORD-839233,2024-06-11,2024-06-11,CUST-982180,SKU-413490,USV,Online,278,30.69,0.92,29.77,Voucher,ZAR,Promo,2025-02-07 14:31:29,2025-02-14 14:31:29,POS,2026-02-24 03:53:42,BATCH-20260224-01
ORD-119253,2024-06-11,2024-06-11,CUST-203674,SKU-591524,C60,Online,902,15.52,0.47,15.05,Card,ZAR,Regular,2025-08-15 12:52:24,2025-09-15 12:52:24,POS,2026-02-24 03:53:42,BATCH-20260224-01
ORD-582263,2024-06-11,2024-06-11,CUST-329717,SKU-182271,C60,Online,373,16.36,0.49,15.87,Cash,ZAR,Promo,2024-03-07 07:13:07,2024-03-14 07:13:07,POS,2026-02-24 03:53:42,BATCH-20260224-01
ORD-622203,2024-06-11,2024-06-11,CUST-824487,SKU-333370,SHOP,Online,537,33.68,1.01,32.67,Voucher,ZAR,Regular,2024-01-19 14:03:54,2024-02-19 14:03:54,OnlinePlatform,2026-02-24 03:53:42,BATCH-20260224-01
ORD-258337,2024-06-11,2024-06-11,CUST-344693,SKU-509024,SHOP,In-Store,853,32.44,0.97,31.47,Cash,ZAR,Promo,2024-09-12 06:58:21,2024-09-19 06:58:21,OnlinePlatform,2026-02-24 03:53:42,BATCH-20260224-01
ORD-152014,2024-06-11,2024-06-11,CUST-370675,SKU-911825,CHK,Online,164,32.62,0.98,31.64,EFT,ZAR,Regular,2024-09-04 22:24:12,2024-10-04 22:24:12,OnlinePlatform,2026-02-24 03:53:42,BATCH-20260224-01
ORD-251412,2024-06-11,2024-06-11,CUST-966026,SKU-744519,SHOP,In-Store,178,90.31,2.71,87.6,EFT,ZAR,Regular,2025-04-28 20:28:54,2025-05-28 20:28:54,POS,2026-02-24 03:53:42,BATCH-20260224-01
ORD-992137,2024-06-11,2024-06-11,CUST-568424,SKU-217268,SHOP,In-Store,972,20.89,0.63,20.26,Cash,ZAR,Regular,2025-10-01 10:56:53,2025-11-01 10:56:53,POS,2026-02-24 03:53:42,BATCH-20260224-01
ORD-589671,2024-06-11,2024-06-11,CUST-598930,SKU-896510,C60,In-Store,821,35.79,1.07,34.72,Voucher,ZAR,Promo,2025-10-11 08:25:21,2025-10-18 08:25:21,OnlinePlatform,2026-02-24 03:53:42,BATCH-20260224-01
ORD-647788,2024-06-11,2024-06-11,CUST-473519,SKU-647738,SHOP,In-Store,645,32.35,0.97,31.38,Cash,ZAR,Regular,2025-10-09 16:08:40,2025-11-09 16:08:40,POS,2026-02-24 03:53:42,BATCH-20260224-01
ORD-851385,2024-06-11,2024-06-11,CUST-458266,SKU-509024,CHK,In-Store,278,36.79,1.1,35.69,Card,ZAR,Regular,2025-02-26 04:41:24,2025-03-26 04:41:24,POS,2026-02-24 03:53:42,BATCH-20260224-01
ORD-625656,2024-06-11,2024-06-11,CUST-889155,SKU-414633,CHK,Online,111,126.32,3.79,122.53,EFT,ZAR,Promo,2025-11-25 17:37:36,2025-12-02 17:37:36,OnlinePlatform,2026-02-24 03:53:42,BATCH-20260224-01
ORD-549388,2024-06-11,2024-06-11,CUST-562526,SKU-758167,C60,Online,948,39.82,1.19,38.63,Card,ZAR,Promo,2024-03-22 22:44:34,2024-03-29 22:44:34,OnlinePlatform,2026-02-24 03:53:42,BATCH-20260224-01
ORD-227447,2024-06-11,2024-06-11,CUST-812732,SKU-286770,CHK,Online,733,24.73,0.74,23.99,Mobile Wallet,ZAR,Regular,2024-05-05 11:29:25,2024-06-05 11:29:25,POS,2026-02-24 03:53:42,BATCH-20260224-01
ORD-397410,2024-06-11,2024-06-11,CUST-913904,SKU-260455,C60,Online,723,27.12,0.81,26.31,Mobile Wallet,ZAR,Regular,2025-01-02 20:20:07,2025-02-02 20:20:07,POS,2026-02-24 03:53:42,BATCH-20260224-01
ORD-756033,2024-06-11,2024-06-11,CUST-271524,SKU-768820,USV,Online,347,97.33,2.92,94.41,Mobile Wallet,ZAR,Regular,2025-12-17 23:36:42,2026-01-17 23:36:42,OnlinePlatform,2026-02-24 03:53:42,BATCH-20260224-01
ORD-488805,2024-06-11,2024-06-11,CUST-105046,SKU-735647,CHK,In-Store,147,19.6,0.59,19.01,Mobile Wallet,ZAR,Promo,2025-06-12 16:28:37,2025-06-19 16:28:37,OnlinePlatform,2026-02-24 03:53:42,BATCH-20260224-01
ORD-562515,2024-06-11,2024-06-11,CUST-515723,SKU-447763,SHOP,Online,778,13.89,0.42,13.47,Cash,ZAR,Regular,2025-04-09 00:46:15,2025-05-09 00:46:15,OnlinePlatform,2026-02-24 03:53:42,BATCH-20260224-01
ORD-677690,2024-06-11,2024-06-11,CUST-482060,SKU-787324,SHOP,In-Store,975,99.74,2.99,96.75,Card,ZAR,Promo,2025-03-27 06:03:02,2025-04-03 06:03:02,OnlinePlatform,2026-02-24 03:53:42,BATCH-20260224-01
ORD-838593,2024-06-11,2024-06-11,CUST-444910,SKU-161778,USV,Online,479,22.6,0.68,21.92,EFT,ZAR,Promo,2025-07-27 19:07:24,2025-08-03 19:07:24,OnlinePlatform,2026-02-24 03:53:42,BATCH-20260224-01
ORD-675978,2024-06-11,2024-06-11,CUST-947616,SKU-835133,USV,Online,282,60.22,1.81,58.41,Voucher,ZAR,Promo,2025-04-12 20:59:21,2025-04-19 20:59:21,OnlinePlatform,2026-02-24 03:53:42,BATCH-20260224-01
ORD-755777,2024-06-11,2024-06-11,CUST-501601,SKU-709877,SHOP,In-Store,979,31.43,0.94,30.49,EFT,ZAR,Regular,2024-12-28 19:59:35,2025-01-28 19:59:35,OnlinePlatform,2026-02-24 03:53:42,BATCH-20260224-01
ORD-577890,2024-06-11,2024-06-11,CUST-420731,SKU-308284,SHOP,Online,777,21.95,0.66,21.29,Mobile Wallet,ZAR,Promo,2024-06-21 22:26:45,2024-06-28 22:26:45,OnlinePlatform,2026-02-24 03:53:42,BATCH-20260224-01
ORD-841164,2024-06-11,2024-06-11,CUST-396257,SKU-776460,SHOP,In-Store,829,17.34,0.52,16.82,Card,ZAR,Regular,2025-10-18 18:34:45,2025-11-18 18:34:45,OnlinePlatform,2026-02-24 03:53:42,BATCH-20260224-01
ORD-134117,2024-06-11,2024-06-11,CUST-914668,SKU-695745,USV,Online,628,20.33,0.61,19.72,EFT,ZAR,Regular,2024-05-05 00:27:06,2024-06-05 00:27:06,POS,2026-02-24 03:53:42,BATCH-20260224-01
ORD-772990,2024-06-11,2024-06-11,CUST-353640,SKU-191830,SHOP,Online,84,53.2,1.6,51.6,Mobile Wallet,ZAR,Regular,2024-11-14 06:13:58,2024-12-14 06:13:58,OnlinePlatform,2026-02-24 03:53:42,BATCH-20260224-01
ORD-316245,2024-06-11,2024-06-11,CUST-663280,SKU-670139,USV,In-Store,775,33.9,1.02,32.88,Mobile Wallet,ZAR,Promo,2025-05-07 01:46:23,2025-05-14 01:46:23,POS,2026-02-24 03:53:42,BATCH-20260224-01
ORD-788179,2024-06-11,2024-06-11,CUST-989565,SKU-308449,CHK,In-Store,224,76.2,2.29,73.91,Card,ZAR,Promo,2024-04-01 23:03:38,2024-04-08 23:03:38,OnlinePlatform,2026-02-24 03:53:42,BATCH-20260224-01
ORD-657160,2024-06-11,2024-06-11,CUST-661073,SKU-854900,CHK,In-Store,35,32.26,0.97,31.29,EFT,ZAR,Regular,2025-10-11 21:57:48,2025-11-11 21:57:48,POS,2026-02-24 03:53:42,BATCH-20260224-01
ORD-543194,2024-06-11,2024-06-11,CUST-505694,SKU-789385,USV,Online,166,32.59,0.98,31.61,Card,ZAR,Regular,2025-10-28 14:12:32,2025-11-28 14:12:32,POS,2026-02-24 03:53:42,BATCH-20260224-01
ORD-794059,2024-06-11,2024-06-11,CUST-157676,SKU-151517,SHOP,In-Store,948,17.91,0.54,17.37,Mobile Wallet,ZAR,Regular,2025-03-10 03:32:08,2025-04-10 03:32:08,POS,2026-02-24 03:53:42,BATCH-20260224-01
ORD-383272,2024-06-11,2024-06-11,CUST-318097,SKU-752934,SHOP,In-Store,130,33.04,0.99,32.05,Mobile Wallet,ZAR,Promo,2025-03-01 03:14:36,2025-03-08 03:14:36,OnlinePlatform,2026-02-24 03:53:42,BATCH-20260224-01
ORD-433908,2024-06-11,2024-06-11,CUST-370593,SKU-722037,C60,Online,318,32.28,0.97,31.31,EFT,ZAR,Regular,2025-09-12 06:39:03,2025-10-12 06:39:03,POS,2026-02-24 03:53:42,BATCH-20260224-01
ORD-733661,2024-06-11,2024-06-11,CUST-562566,SKU-194344,SHOP,Online,99,19.48,0.58,18.9,Voucher,ZAR,Regular,2024-11-18 08:11:07,2024-12-18 08:11:07,OnlinePlatform,2026-02-24 03:53:42,BATCH-20260224-01
ORD-280647,2024-06-11,2024-06-11,CUST-426259,SKU-294104,USV,In-Store,124,23.12,0.69,22.43,EFT,ZAR,Regular,2024-04-07 10:55:30,2024-05-07 10:55:30,POS,2026-02-24 03:53:42,BATCH-20260224-01
ORD-330044,2024-06-11,2024-06-11,CUST-668359,SKU-129271,SHOP,In-Store,802,14.58,0.44,14.14,Cash,ZAR,Promo,2024-09-03 17:26:14,2024-09-10 17:26:14,OnlinePlatform,2026-02-24 03:53:42,BATCH-20260224-01
ORD-646655,2024-06-11,2024-06-11,CUST-788811,SKU-564456,C60,Online,348,21.69,0.65,21.04,EFT,ZAR,Regular,2024-06-06 19:00:53,2024-07-06 19:00:53,OnlinePlatform,2026-02-24 03:53:42,BATCH-20260224-01
ORD-719769,2024-06-11,2024-06-11,CUST-365478,SKU-448763,SHOP,In-Store,910,31.36,0.94,30.42,EFT,ZAR,Promo,2025-05-13 01:47:32,2025-05-20 01:47:32,POS,2026-02-24 03:53:42,BATCH-20260224-01
ORD-420621,2024-06-11,2024-06-11,CUST-674866,SKU-775960,SHOP,Online,411,55.67,1.67,54.0,Voucher,ZAR,Promo,2025-05-21 20:17:51,2025-05-28 20:17:51,POS,2026-02-24 03:53:42,BATCH-20260224-01
ORD-212493,2024-06-11,2024-06-11,CUST-934874,SKU-266393,USV,In-Store,71,19.56,0.59,18.97,Voucher,ZAR,Promo,2025-11-10 20:56:26,2025-11-17 20:56:26,OnlinePlatform,2026-02-24 03:53:42,BATCH-20260224-01
ORD-379631,2024-06-11,2024-06-11,CUST-865441,SKU-393011,USV,In-Store,78,18.35,0.55,17.8,EFT,ZAR,Regular,2025-02-02 07:06:13,2025-03-02 07:06:13,OnlinePlatform,2026-02-24 03:53:42,BATCH-20260224-01
ORD-818425,2024-06-11,2024-06-11,CUST-608722,SKU-456436,USV,Online,540,16.93,0.51,16.42,Voucher,ZAR,Promo,2024-02-14 02:29:02,2024-02-21 02:29:02,POS,2026-02-24 03:53:42,BATCH-20260224-01
ORD-938737,2024-06-11,2024-06-11,CUST-765678,SKU-950685,USV,In-Store,686,32.07,0.96,31.11,Card,ZAR,Promo,2025-07-25 23:52:05,2025-08-01 23:52:05,OnlinePlatform,2026-02-24 03:53:42,BATCH-20260224-01
ORD-403266,2024-06-11,2024-06-11,CUST-824487,SKU-699059,SHOP,Online,764,34.83,1.04,33.79,Voucher,ZAR,Promo,2025-01-27 02:31:48,2025-02-03 02:31:48,POS,2026-02-24 03:53:42,BATCH-20260224-01
ORD-899168,2024-06-11,2024-06-11,CUST-547325,SKU-233227,USV,Online,84,25.74,0.77,24.97,Cash,ZAR,Promo,2025-05-06 14:47:03,2025-05-13 14:47:03,OnlinePlatform,2026-02-24 03:53:42,BATCH-20260224-01
ORD-357488,2024-06-11,2024-06-11,CUST-520044,SKU-538550,C60,Online,605,100.05,3.0,97.05,Voucher,ZAR,Regular,2025-12-23 06:29:27,2026-01-23 06:29:27,OnlinePlatform,2026-02-24 03:53:42,BATCH-20260224-01
ORD-763333,2024-06-11,2024-06-11,CUST-608722,SKU-948346,USV,Online,453,34.47,1.03,33.44,Card,ZAR,Regular,2024-07-22 18:36:06,2024-08-22 18:36:06,OnlinePlatform,2026-02-24 03:53:42,BATCH-20260224-01
ORD-942403,2024-06-11,2024-06-11,CUST-832460,SKU-437983,SHOP,Online,369,119.17,3.58,115.59,Mobile Wallet,ZAR,Regular,2024-12-04 11:55:20,2025-01-04 11:55:20,POS,2026-02-24 03:53:42,BATCH-20260224-01
ORD-895348,2024-06-11,2024-06-11,CUST-253427,SKU-886471,SHOP,Online,312,27.41,0.82,26.59,Mobile Wallet,ZAR,Promo,2024-02-09 01:28:32,2024-02-16 01:28:32,POS,2026-02-24 03:53:42,BATCH-20260224-01
ORD-534231,2024-06-11,2024-06-11,CUST-613037,SKU-925494,SHOP,Online,786,23.73,0.71,23.02,EFT,ZAR,Regular,2024-12-11 21:12:52,2025-01-11 21:12:52,POS,2026-02-24 03:53:42,BATCH-20260224-01
ORD-744798,2024-06-11,2024-06-11,CUST-760243,SKU-320747,C60,Online,611,19.61,0.59,19.02,Cash,ZAR,Promo,2025-11-18 02:27:46,2025-11-25 02:27:46,POS,2026-02-24 03:53:42,BATCH-20260224-01
ORD-941344,2024-06-11,2024-06-11,CUST-574356,SKU-283284,C60,In-Store,404,33.75,1.01,32.74,Cash,ZAR,Promo,2024-10-11 16:16:30,2024-10-18 16:16:30,OnlinePlatform,2026-02-24 03:53:42,BATCH-20260224-01
ORD-264050,2024-06-11,2024-06-11,CUST-587446,SKU-347200,CHK,In-Store,971,91.47,2.74,88.73,Card,ZAR,Regular,2025-07-07 04:41:07,2025-08-07 04:41:07,POS,2026-02-24 03:53:42,BATCH-20260224-01
ORD-169290,2024-06-11,2024-06-11,CUST-827275,SKU-934609,SHOP,Online,841,83.87,2.52,81.35,EFT,ZAR,Regular,2024-01-05 03:30:30,2024-02-05 03:30:30,OnlinePlatform,2026-02-24 03:53:42,BATCH-20260224-01
ORD-912070,2024-06-11,2024-06-11,CUST-973258,SKU-238591,C60,Online,261,104.27,3.13,101.14,Card,ZAR,Promo,2025-01-08 19:32:06,2025-01-15 19:32:06,POS,2026-02-24 03:53:42,BATCH-20260224-01
ORD-746177,2024-06-11,2024-06-11,CUST-392846,SKU-264990,SHOP,In-Store,767,18.4,0.55,17.85,Cash,ZAR,Promo,2024-04-01 23:57:14,2024-04-08 23:57:14,POS,2026-02-24 03:53:42,BATCH-20260224-01
ORD-197989,2024-06-11,2024-06-11,CUST-890839,SKU-685036,USV,Online,633,44.57,1.34,43.23,Mobile Wallet,ZAR,Promo,2025-08-21 23:10:29,2025-08-28 23:10:29,OnlinePlatform,2026-02-24 03:53:42,BATCH-20260224-01
ORD-453121,2024-06-11,2024-06-11,CUST-806984,SKU-299840,SHOP,Online,674,22.39,0.67,21.72,Cash,ZAR,Regular,2025-08-05 05:21:16,2025-09-05 05:21:16,OnlinePlatform,2026-02-24 03:53:42,BATCH-20260224-01
ORD-764387,2024-06-11,2024-06-11,CUST-598930,SKU-564456,C60,In-Store,858,48.79,1.46,47.33,Voucher,ZAR,Promo,2024-02-23 08:16:06,2024-03-01 08:16:06,POS,2026-02-24 03:53:42,BATCH-20260224-01
ORD-193950,2024-06-11,2024-06-11,CUST-201281,SKU-898654,SHOP,Online,931,50.56,1.52,49.04,EFT,ZAR,Regular,2024-10-05 17:56:34,2024-11-05 17:56:34,OnlinePlatform,2026-02-24 03:53:42,BATCH-20260224-01
ORD-515877,2024-06-11,2024-06-11,CUST-422362,SKU-674010,USV,Online,287,90.93,2.73,88.2,Voucher,ZAR,Regular,2024-04-16 08:07:39,2024-05-16 08:07:39,OnlinePlatform,2026-02-24 03:53:42,BATCH-20260224-01
