product_code,price_zar,currency,year
SKU-385135,23.7,ZAR,2024
SKU-385135,25.13,ZAR,2025
SKU-551658,17.06,ZAR,2024
SKU-551658,18.08,ZAR,2025
SKU-823064,52.8,ZAR,2024
SKU-823064,55.97,ZAR,2025
SKU-283842,10.65,ZAR,2024
SKU-283842,11.29,ZAR,2025
SKU-780876,53.39,ZAR,2024
SKU-780876,56.59,ZAR,2025
SKU-629405,16.37,ZAR,2024
SKU-629405,17.35,ZAR,2025
SKU-549696,32.48,ZAR,2024
SKU-549696,34.43,ZAR,2025
SKU-587562,51.35,ZAR,2024
SKU-587562,54.43,ZAR,2025
SKU-584763,20.95,ZAR,2024
SKU-584763,22.21,ZAR,2025
SKU-515467,15.86,ZAR,2024
SKU-515467,16.81,ZAR,2025
SKU-562995,6.18,ZAR,2024
SKU-562995,6.55,ZAR,2025
SKU-326456,20.89,ZAR,2024
SKU-326456,22.14,ZAR,2025
SKU-912186,17.34,ZAR,2024
SKU-912186,18.38,ZAR,2025
SKU-277765,39.96,ZAR,2024
SKU-277765,42.36,ZAR,2025
SKU-527037,23.36,ZAR,2024
SKU-527037,24.76,ZAR,2025
SKU-108611,21.58,ZAR,2024
SKU-108611,22.88,ZAR,2025
SKU-200628,29.77,ZAR,2024
SKU-200628,31.55,ZAR,2025
SKU-422149,11.94,ZAR,2024
SKU-422149,12.66,ZAR,2025
SKU-541770,18.35,ZAR,2024
SKU-541770,19.45,ZAR,2025
SKU-406674,18.99,ZAR,2024
SKU-406674,20.13,ZAR,2025
SKU-101384,163.95,ZAR,2024
SKU-101384,173.79,ZAR,2025
SKU-513472,25.17,ZAR,2024
SKU-513472,26.68,ZAR,2025
SKU-367794,23.57,ZAR,2024
SKU-367794,24.99,ZAR,2025
SKU-522020,48.46,ZAR,2024
SKU-522020,51.37,ZAR,2025
SKU-655792,15.58,ZAR,2024
SKU-655792,16.51,ZAR,2025
SKU-211184,38.95,ZAR,2024
SKU-211184,41.29,ZAR,2025
SKU-489142,23.34,ZAR,2024
SKU-489142,24.74,ZAR,2025
SKU-183315,28.32,ZAR,2024
SKU-183315,30.02,ZAR,2025
SKU-214946,10.27,ZAR,2024
SKU-214946,10.88,ZAR,2025
SKU-579175,19.22,ZAR,2024
SKU-579175,20.38,ZAR,2025
SKU-731440,20.03,ZAR,2024
SKU-731440,21.23,ZAR,2025
SKU-366190,26.69,ZAR,2024
SKU-366190,28.29,ZAR,2025
SKU-568584,29.5,ZAR,2024
SKU-568584,31.27,ZAR,2025
SKU-842257,74.25,ZAR,2024
SKU-842257,78.71,ZAR,2025
SKU-428792,198.04,ZAR,2024
SKU-428792,209.92,ZAR,2025
SKU-472720,17.69,ZAR,2024
SKU-472720,18.75,ZAR,2025
SKU-133652,24.01,ZAR,2024
SKU-133652,25.45,ZAR,2025
SKU-873353,43.07,ZAR,2024
SKU-873353,45.65,ZAR,2025
SKU-750577,35.6,ZAR,2024
SKU-750577,37.74,ZAR,2025
SKU-696099,40.31,ZAR,2024
SKU-696099,42.73,ZAR,2025
SKU-142916,24.8,ZAR,2024
SKU-142916,26.29,ZAR,2025
SKU-279236,89.71,ZAR,2024
SKU-279236,95.1,ZAR,2025
SKU-676539,23.9,ZAR,2024
SKU-676539,25.33,ZAR,2025
SKU-297504,41.82,ZAR,2024
SKU-297504,44.33,ZAR,2025
SKU-263942,31.66,ZAR,2024
SKU-263942,33.56,ZAR,2025
SKU-529989,49.51,ZAR,2024
SKU-529989,52.48,ZAR,2025
SKU-801331,25.98,ZAR,2024
SKU-801331,27.54,ZAR,2025
SKU-805266,19.74,ZAR,2024
SKU-805266,20.92,ZAR,2025
SKU-740530,61.53,ZAR,2024
SKU-740530,65.22,ZAR,2025
SKU-820011,81.85,ZAR,2024
SKU-820011,86.76,ZAR,2025
SKU-824504,65.14,ZAR,2024
SKU-824504,69.05,ZAR,2025
SKU-278356,23.72,ZAR,2024
SKU-278356,25.14,ZAR,2025
SKU-719505,67.32,ZAR,2024
SKU-719505,71.36,ZAR,2025
SKU-734633,30.24,ZAR,2024
SKU-734633,32.05,ZAR,2025
SKU-754301,32.64,ZAR,2024
SKU-754301,34.6,ZAR,2025
SKU-699298,57.19,ZAR,2024
SKU-699298,60.62,ZAR,2025
SKU-376006,15.23,ZAR,2024
SKU-376006,16.14,ZAR,2025
SKU-298850,31.92,ZAR,2024
SKU-298850,33.84,ZAR,2025
SKU-909770,108.37,ZAR,2024
SKU-909770,114.88,ZAR,2025
SKU-301408,30.82,ZAR,2024
SKU-301408,32.67,ZAR,2025
SKU-901894,59.45,ZAR,2024
SKU-901894,63.02,ZAR,2025
SKU-912744,37.68,ZAR,2024
SKU-912744,39.95,ZAR,2025
SKU-778324,13.8,ZAR,2024
SKU-778324,14.63,ZAR,2025
SKU-224055,20.69,ZAR,2024
SKU-224055,21.93,ZAR,2025
SKU-407011,20.37,ZAR,2024
SKU-407011,21.6,ZAR,2025
SKU-490543,28.65,ZAR,2024
SKU-490543,30.37,ZAR,2025
SKU-440849,206.77,ZAR,2024
SKU-440849,219.18,ZAR,2025
SKU-885121,39.15,ZAR,2024
SKU-885121,41.5,ZAR,2025
SKU-709026,37.01,ZAR,2024
SKU-709026,39.24,ZAR,2025
SKU-905685,76.49,ZAR,2024
SKU-905685,81.08,ZAR,2025
SKU-119440,14.76,ZAR,2024
SKU-119440,15.64,ZAR,2025
SKU-800272,15.48,ZAR,2024
SKU-800272,16.41,ZAR,2025
SKU-119278,54.78,ZAR,2024
SKU-119278,58.07,ZAR,2025
SKU-164244,28.5,ZAR,2024
SKU-164244,30.21,ZAR,2025
SKU-249481,3.05,ZAR,2024
SKU-249481,3.23,ZAR,2025
SKU-296058,6.36,ZAR,2024
SKU-296058,6.74,ZAR,2025
SKU-442998,37.44,ZAR,2024
SKU-442998,39.69,ZAR,2025
SKU-648094,10.51,ZAR,2024
SKU-648094,11.14,ZAR,2025
SKU-344214,15.64,ZAR,2024
SKU-344214,16.58,ZAR,2025
SKU-110792,28.7,ZAR,2024
SKU-110792,30.42,ZAR,2025
SKU-292547,77.36,ZAR,2024
SKU-292547,82.0,ZAR,2025
SKU-346489,20.22,ZAR,2024
SKU-346489,21.43,ZAR,2025
SKU-690774,27.17,ZAR,2024
SKU-690774,28.8,ZAR,2025
SKU-867546,32.96,ZAR,2024
SKU-867546,34.94,ZAR,2025
SKU-740406,87.53,ZAR,2024
SKU-740406,92.78,ZAR,2025
SKU-233434,13.23,ZAR,2024
SKU-233434,14.03,ZAR,2025
SKU-140283,21.85,ZAR,2024
SKU-140283,23.16,ZAR,2025
SKU-929072,33.66,ZAR,2024
SKU-929072,35.68,ZAR,2025
SKU-182039,87.03,ZAR,2024
SKU-182039,92.25,ZAR,2025
SKU-840158,82.39,ZAR,2024
SKU-840158,87.33,ZAR,2025
SKU-862533,22.05,ZAR,2024
SKU-862533,23.38,ZAR,2025
SKU-688027,27.89,ZAR,2024
SKU-688027,29.56,ZAR,2025
SKU-795801,24.65,ZAR,2024
SKU-795801,26.13,ZAR,2025
SKU-351291,64.56,ZAR,2024
SKU-351291,68.44,ZAR,2025
SKU-871748,8.8,ZAR,2024
SKU-871748,9.32,ZAR,2025
SKU-489691,26.06,ZAR,2024
SKU-489691,27.62,ZAR,2025
SKU-424530,54.89,ZAR,2024
SKU-424530,58.18,ZAR,2025
SKU-895694,21.1,ZAR,2024
SKU-895694,22.37,ZAR,2025
SKU-414058,17.24,ZAR,2024
SKU-414058,18.28,ZAR,2025
SKU-379650,122.48,ZAR,2024
SKU-379650,129.82,ZAR,2025
SKU-632645,42.66,ZAR,2024
SKU-632645,45.22,ZAR,2025
SKU-286350,13.06,ZAR,2024
SKU-286350,13.84,ZAR,2025
SKU-487967,51.89,ZAR,2024
SKU-487967,55.0,ZAR,2025
SKU-769914,27.61,ZAR,2024
SKU-769914,29.27,ZAR,2025
SKU-317887,54.77,ZAR,2024
SKU-317887,58.06,ZAR,2025
SKU-658829,82.0,ZAR,2024
SKU-658829,86.92,ZAR,2025
SKU-450918,188.91,ZAR,2024
SKU-450918,200.25,ZAR,2025
SKU-371419,20.75,ZAR,2024
SKU-371419,22.0,ZAR,2025
SKU-684053,17.59,ZAR,2024
SKU-684053,18.65,ZAR,2025
SKU-286411,50.86,ZAR,2024
SKU-286411,53.92,ZAR,2025
SKU-574452,12.5,ZAR,2024
SKU-574452,13.25,ZAR,2025
SKU-821397,14.96,ZAR,2024
SKU-821397,15.85,ZAR,2025
SKU-319561,12.47,ZAR,2024
SKU-319561,13.22,ZAR,2025
SKU-313577,27.25,ZAR,2024
SKU-313577,28.89,ZAR,2025
SKU-351865,86.68,ZAR,2024
SKU-351865,91.88,ZAR,2025
SKU-899283,14.16,ZAR,2024
SKU-899283,15.01,ZAR,2025
SKU-853148,177.69,ZAR,2024
SKU-853148,188.35,ZAR,2025
SKU-261713,23.76,ZAR,2024
SKU-261713,25.19,ZAR,2025
SKU-234397,10.1,ZAR,2024
SKU-234397,10.7,ZAR,2025
SKU-808370,17.44,ZAR,2024
SKU-808370,18.49,ZAR,2025
SKU-411163,26.57,ZAR,2024
SKU-411163,28.17,ZAR,2025
SKU-706784,17.6,ZAR,2024
SKU-706784,18.66,ZAR,2025
SKU-645626,27.21,ZAR,2024
SKU-645626,28.84,ZAR,2025
SKU-490189,71.14,ZAR,2024
SKU-490189,75.41,ZAR,2025
SKU-684680,14.19,ZAR,2024
SKU-684680,15.04,ZAR,2025
SKU-718385,5.2,ZAR,2024
SKU-718385,5.51,ZAR,2025
SKU-996213,40.09,ZAR,2024
SKU-996213,42.49,ZAR,2025
SKU-161095,69.6,ZAR,2024
SKU-161095,73.78,ZAR,2025
SKU-593695,46.07,ZAR,2024
SKU-593695,48.84,ZAR,2025
SKU-256709,101.18,ZAR,2024
SKU-256709,107.26,ZAR,2025
SKU-618853,44.32,ZAR,2024
SKU-618853,46.98,ZAR,2025
SKU-289802,42.27,ZAR,2024
SKU-289802,44.81,ZAR,2025
SKU-432687,26.26,ZAR,2024
SKU-432687,27.83,ZAR,2025
SKU-313208,6.19,ZAR,2024
SKU-313208,6.57,ZAR,2025
SKU-655008,21.51,ZAR,2024
SKU-655008,22.8,ZAR,2025
SKU-740257,35.4,ZAR,2024
SKU-740257,37.53,ZAR,2025
SKU-966676,39.76,ZAR,2024
SKU-966676,42.14,ZAR,2025
SKU-134272,6.89,ZAR,2024
SKU-134272,7.3,ZAR,2025
SKU-319131,35.36,ZAR,2024
SKU-319131,37.48,ZAR,2025
SKU-784713,49.07,ZAR,2024
SKU-784713,52.01,ZAR,2025
SKU-543622,39.37,ZAR,2024
SKU-543622,41.73,ZAR,2025
SKU-378133,22.61,ZAR,2024
SKU-378133,23.96,ZAR,2025
SKU-754663,43.52,ZAR,2024
SKU-754663,46.13,ZAR,2025
SKU-709399,9.99,ZAR,2024
SKU-709399,10.59,ZAR,2025
SKU-660289,44.28,ZAR,2024
SKU-660289,46.93,ZAR,2025
SKU-270853,13.61,ZAR,2024
SKU-270853,14.43,ZAR,2025
SKU-963959,21.33,ZAR,2024
SKU-963959,22.61,ZAR,2025
SKU-558183,9.67,ZAR,2024
SKU-558183,10.25,ZAR,2025
SKU-131918,11.82,ZAR,2024
SKU-131918,12.53,ZAR,2025
SKU-821936,33.46,ZAR,2024
SKU-821936,35.47,ZAR,2025
SKU-392379,22.94,ZAR,2024
SKU-392379,24.31,ZAR,2025
SKU-514895,65.11,ZAR,2024
SKU-514895,69.01,ZAR,2025
SKU-737000,131.24,ZAR,2024
SKU-737000,139.12,ZAR,2025
SKU-895573,58.46,ZAR,2024
SKU-895573,61.97,ZAR,2025
SKU-644240,22.98,ZAR,2024
SKU-644240,24.36,ZAR,2025
SKU-251696,54.67,ZAR,2024
SKU-251696,57.95,ZAR,2025
SKU-798013,9.06,ZAR,2024
SKU-798013,9.6,ZAR,2025
SKU-613134,112.82,ZAR,2024
SKU-613134,119.59,ZAR,2025
SKU-389768,20.63,ZAR,2024
SKU-389768,21.87,ZAR,2025
SKU-809245,9.4,ZAR,2024
SKU-809245,9.96,ZAR,2025
SKU-766747,47.78,ZAR,2024
SKU-766747,50.65,ZAR,2025
SKU-886255,72.93,ZAR,2024
SKU-886255,77.31,ZAR,2025
SKU-602545,19.34,ZAR,2024
SKU-602545,20.5,ZAR,2025
SKU-750341,31.35,ZAR,2024
SKU-750341,33.23,ZAR,2025
SKU-380000,23.29,ZAR,2024
SKU-380000,24.69,ZAR,2025
SKU-318082,27.02,ZAR,2024
SKU-318082,28.64,ZAR,2025
SKU-455118,7.3,ZAR,2024
SKU-455118,7.73,ZAR,2025
SKU-899692,23.88,ZAR,2024
SKU-899692,25.31,ZAR,2025
SKU-499380,209.43,ZAR,2024
SKU-499380,222.0,ZAR,2025
SKU-463079,6.47,ZAR,2024
SKU-463079,6.85,ZAR,2025
SKU-904517,76.98,ZAR,2024
SKU-904517,81.6,ZAR,2025
SKU-126637,15.47,ZAR,2024
SKU-126637,16.4,ZAR,2025
SKU-136801,48.62,ZAR,2024
SKU-136801,51.53,ZAR,2025
SKU-708501,22.32,ZAR,2024
SKU-708501,23.66,ZAR,2025
SKU-633316,34.17,ZAR,2024
SKU-633316,36.22,ZAR,2025
SKU-628646,18.36,ZAR,2024
SKU-628646,19.46,ZAR,2025
SKU-232937,9.57,ZAR,2024
SKU-232937,10.14,ZAR,2025
SKU-964834,20.99,ZAR,2024
SKU-964834,22.25,ZAR,2025
SKU-133101,41.91,ZAR,2024
SKU-133101,44.43,ZAR,2025
SKU-818299,15.54,ZAR,2024
SKU-818299,16.47,ZAR,2025
SKU-488791,16.55,ZAR,2024
SKU-488791,17.55,ZAR,2025
SKU-274107,30.94,ZAR,2024
SKU-274107,32.8,ZAR,2025
SKU-166140,29.87,ZAR,2024
SKU-166140,31.67,ZAR,2025
SKU-672744,182.17,ZAR,2024
SKU-672744,193.1,ZAR,2025
SKU-308752,98.09,ZAR,2024
SKU-308752,103.97,ZAR,2025
SKU-941341,42.85,ZAR,2024
SKU-941341,45.42,ZAR,2025
SKU-272950,134.71,ZAR,2024
SKU-272950,142.8,ZAR,2025
SKU-395498,9.44,ZAR,2024
SKU-395498,10.01,ZAR,2025
SKU-616256,26.37,ZAR,2024
SKU-616256,27.95,ZAR,2025
SKU-234631,14.53,ZAR,2024
SKU-234631,15.4,ZAR,2025
SKU-793211,17.87,ZAR,2024
SKU-793211,18.94,ZAR,2025
SKU-569458,15.7,ZAR,2024
SKU-569458,16.64,ZAR,2025
SKU-321470,20.88,ZAR,2024
SKU-321470,22.13,ZAR,2025
SKU-228099,7.63,ZAR,2024
SKU-228099,8.09,ZAR,2025
SKU-191664,37.42,ZAR,2024
SKU-191664,39.66,ZAR,2025
SKU-335080,14.14,ZAR,2024
SKU-335080,14.99,ZAR,2025
SKU-957650,24.42,ZAR,2024
SKU-957650,25.89,ZAR,2025
SKU-424640,67.38,ZAR,2024
SKU-424640,71.43,ZAR,2025
SKU-466550,50.3,ZAR,2024
SKU-466550,53.32,ZAR,2025
SKU-739588,19.76,ZAR,2024
SKU-739588,20.94,ZAR,2025
SKU-705631,24.05,ZAR,2024
SKU-705631,25.49,ZAR,2025
SKU-404958,5.63,ZAR,2024
SKU-404958,5.97,ZAR,2025
SKU-700170,16.8,ZAR,2024
SKU-700170,17.81,ZAR,2025
SKU-720067,17.79,ZAR,2024
SKU-720067,18.86,ZAR,2025
SKU-659870,26.66,ZAR,2024
SKU-659870,28.26,ZAR,2025
SKU-625615,23.76,ZAR,2024
SKU-625615,25.18,ZAR,2025
SKU-607345,34.01,ZAR,2024
SKU-607345,36.05,ZAR,2025
SKU-108740,14.62,ZAR,2024
SKU-108740,15.5,ZAR,2025
SKU-724203,201.07,ZAR,2024
SKU-724203,213.13,ZAR,2025
SKU-279998,8.19,ZAR,2024
SKU-279998,8.68,ZAR,2025
SKU-327644,28.91,ZAR,2024
SKU-327644,30.65,ZAR,2025
SKU-380565,50.23,ZAR,2024
SKU-380565,53.25,ZAR,2025
SKU-113463,23.68,ZAR,2024
SKU-113463,25.1,ZAR,2025
SKU-110136,20.14,ZAR,2024
SKU-110136,21.35,ZAR,2025
SKU-710829,17.93,ZAR,2024
SKU-710829,19.01,ZAR,2025
SKU-700101,67.78,ZAR,2024
SKU-700101,71.85,ZAR,2025
SKU-220049,12.95,ZAR,2024
SKU-220049,13.73,ZAR,2025
SKU-753348,22.48,ZAR,2024
SKU-753348,23.83,ZAR,2025
SKU-648896,56.28,ZAR,2024
SKU-648896,59.66,ZAR,2025
SKU-116083,33.8,ZAR,2024
SKU-116083,35.83,ZAR,2025
SKU-380829,6.83,ZAR,2024
SKU-380829,7.24,ZAR,2025
SKU-790615,38.56,ZAR,2024
SKU-790615,40.88,ZAR,2025
SKU-657184,35.17,ZAR,2024
SKU-657184,37.28,ZAR,2025
SKU-141432,28.07,ZAR,2024
SKU-141432,29.75,ZAR,2025
SKU-682216,30.46,ZAR,2024
SKU-682216,32.29,ZAR,2025
SKU-115626,17.24,ZAR,2024
SKU-115626,18.28,ZAR,2025
SKU-760430,81.35,ZAR,2024
SKU-760430,86.23,ZAR,2025
SKU-116897,13.08,ZAR,2024
SKU-116897,13.87,ZAR,2025
SKU-889210,21.5,ZAR,2024
SKU-889210,22.8,ZAR,2025
SKU-811731,24.56,ZAR,2024
SKU-811731,26.04,ZAR,2025
SKU-896033,37.31,ZAR,2024
SKU-896033,39.55,ZAR,2025
SKU-782293,73.1,ZAR,2024
SKU-782293,77.49,ZAR,2025
SKU-641961,17.29,ZAR,2024
SKU-641961,18.33,ZAR,2025
SKU-549484,70.56,ZAR,2024
SKU-549484,74.8,ZAR,2025
SKU-580231,44.05,ZAR,2024
SKU-580231,46.69,ZAR,2025
SKU-869179,31.97,ZAR,2024
SKU-869179,33.89,ZAR,2025
SKU-544137,29.9,ZAR,2024
SKU-544137,31.69,ZAR,2025
SKU-246398,163.45,ZAR,2024
SKU-246398,173.26,ZAR,2025
SKU-984733,50.05,ZAR,2024
SKU-984733,53.06,ZAR,2025
SKU-550904,23.76,ZAR,2024
SKU-550904,25.18,ZAR,2025
SKU-971244,32.21,ZAR,2024
SKU-971244,34.14,ZAR,2025
SKU-975615,102.95,ZAR,2024
SKU-975615,109.13,ZAR,2025
SKU-266111,9.93,ZAR,2024
SKU-266111,10.53,ZAR,2025
SKU-521409,12.98,ZAR,2024
SKU-521409,13.76,ZAR,2025
SKU-971157,74.92,ZAR,2024
SKU-971157,79.41,ZAR,2025
SKU-700203,9.96,ZAR,2024
SKU-700203,10.56,ZAR,2025
SKU-528689,99.57,ZAR,2024
SKU-528689,105.55,ZAR,2025
SKU-798079,21.88,ZAR,2024
SKU-798079,23.2,ZAR,2025
SKU-900906,28.72,ZAR,2024
SKU-900906,30.45,ZAR,2025
SKU-399283,62.43,ZAR,2024
SKU-399283,66.17,ZAR,2025
SKU-637066,33.87,ZAR,2024
SKU-637066,35.91,ZAR,2025
SKU-833433,47.71,ZAR,2024
SKU-833433,50.57,ZAR,2025
SKU-388833,80.86,ZAR,2024
SKU-388833,85.71,ZAR,2025
SKU-889023,22.3,ZAR,2024
SKU-889023,23.63,ZAR,2025
SKU-107998,29.9,ZAR,2024
SKU-107998,31.7,ZAR,2025
SKU-613232,31.19,ZAR,2024
SKU-613232,33.06,ZAR,2025
SKU-333546,14.61,ZAR,2024
SKU-333546,15.49,ZAR,2025
SKU-392487,25.03,ZAR,2024
SKU-392487,26.53,ZAR,2025
SKU-415530,82.23,ZAR,2024
SKU-415530,87.17,ZAR,2025
SKU-706984,41.11,ZAR,2024
SKU-706984,43.58,ZAR,2025
SKU-823052,17.46,ZAR,2024
SKU-823052,18.5,ZAR,2025
SKU-308939,53.56,ZAR,2024
SKU-308939,56.78,ZAR,2025
SKU-986263,43.32,ZAR,2024
SKU-986263,45.92,ZAR,2025
SKU-808578,39.62,ZAR,2024
SKU-808578,42.0,ZAR,2025
SKU-541197,10.87,ZAR,2024
SKU-541197,11.53,ZAR,2025
SKU-134882,23.14,ZAR,2024
SKU-134882,24.53,ZAR,2025
SKU-597727,77.35,ZAR,2024
SKU-597727,81.99,ZAR,2025
SKU-819603,71.33,ZAR,2024
SKU-819603,75.61,ZAR,2025
SKU-199771,53.9,ZAR,2024
SKU-199771,57.14,ZAR,2025
SKU-261607,49.38,ZAR,2024
SKU-261607,52.34,ZAR,2025
SKU-361901,59.27,ZAR,2024
SKU-361901,62.83,ZAR,2025
SKU-736735,108.96,ZAR,2024
SKU-736735,115.5,ZAR,2025
SKU-959975,10.96,ZAR,2024
SKU-959975,11.62,ZAR,2025
SKU-465018,72.02,ZAR,2024
SKU-465018,76.34,ZAR,2025
SKU-466844,9.76,ZAR,2024
SKU-466844,10.35,ZAR,2025
SKU-429413,182.27,ZAR,2024
SKU-429413,193.21,ZAR,2025
SKU-965193,35.78,ZAR,2024
SKU-965193,37.93,ZAR,2025
SKU-763186,59.86,ZAR,2024
SKU-763186,63.46,ZAR,2025
SKU-417497,20.77,ZAR,2024
SKU-417497,22.01,ZAR,2025
SKU-742408,26.04,ZAR,2024
SKU-742408,27.61,ZAR,2025
SKU-125972,24.9,ZAR,2024
SKU-125972,26.4,ZAR,2025
SKU-815637,36.55,ZAR,2024
SKU-815637,38.75,ZAR,2025
SKU-487925,157.49,ZAR,2024
SKU-487925,166.94,ZAR,2025
SKU-279967,5.99,ZAR,2024
SKU-279967,6.35,ZAR,2025
SKU-824578,15.8,ZAR,2024
SKU-824578,16.75,ZAR,2025
SKU-322754,41.14,ZAR,2024
SKU-322754,43.61,ZAR,2025
SKU-208397,45.47,ZAR,2024
SKU-208397,48.2,ZAR,2025
SKU-647768,70.35,ZAR,2024
SKU-647768,74.57,ZAR,2025
SKU-338828,15.37,ZAR,2024
SKU-338828,16.3,ZAR,2025
SKU-954150,44.65,ZAR,2024
SKU-954150,47.33,ZAR,2025
SKU-638425,21.32,ZAR,2024
SKU-638425,22.6,ZAR,2025
SKU-421196,47.12,ZAR,2024
SKU-421196,49.94,ZAR,2025
SKU-964820,16.23,ZAR,2024
SKU-964820,17.21,ZAR,2025
SKU-656849,14.03,ZAR,2024
SKU-656849,14.87,ZAR,2025
SKU-552618,114.98,ZAR,2024
SKU-552618,121.88,ZAR,2025
SKU-542465,23.51,ZAR,2024
SKU-542465,24.93,ZAR,2025
SKU-253421,9.02,ZAR,2024
SKU-253421,9.57,ZAR,2025
SKU-867705,35.84,ZAR,2024
SKU-867705,37.99,ZAR,2025
SKU-567783,16.99,ZAR,2024
SKU-567783,18.01,ZAR,2025
SKU-747108,49.28,ZAR,2024
SKU-747108,52.24,ZAR,2025
SKU-482332,4.68,ZAR,2024
SKU-482332,4.96,ZAR,2025
SKU-672306,39.71,ZAR,2024
SKU-672306,42.1,ZAR,2025
SKU-490366,33.44,ZAR,2024
SKU-490366,35.45,ZAR,2025
SKU-298397,45.57,ZAR,2024
SKU-298397,48.3,ZAR,2025
SKU-846292,14.43,ZAR,2024
SKU-846292,15.3,ZAR,2025
SKU-934107,27.66,ZAR,2024
SKU-934107,29.32,ZAR,2025
SKU-113582,43.55,ZAR,2024
SKU-113582,46.16,ZAR,2025
SKU-892751,29.74,ZAR,2024
SKU-892751,31.53,ZAR,2025
SKU-615285,94.59,ZAR,2024
SKU-615285,100.26,ZAR,2025
SKU-729831,7.02,ZAR,2024
SKU-729831,7.44,ZAR,2025
SKU-109353,76.73,ZAR,2024
SKU-109353,81.33,ZAR,2025
SKU-542455,6.61,ZAR,2024
SKU-542455,7.0,ZAR,2025
SKU-921265,30.46,ZAR,2024
SKU-921265,32.29,ZAR,2025
SKU-496620,22.33,ZAR,2024
SKU-496620,23.67,ZAR,2025
SKU-356822,4.75,ZAR,2024
SKU-356822,5.03,ZAR,2025
SKU-442635,22.43,ZAR,2024
SKU-442635,23.78,ZAR,2025
SKU-224895,25.04,ZAR,2024
SKU-224895,26.54,ZAR,2025
SKU-673620,41.89,ZAR,2024
SKU-673620,44.41,ZAR,2025
SKU-917059,55.45,ZAR,2024
SKU-917059,58.78,ZAR,2025
SKU-682744,7.22,ZAR,2024
SKU-682744,7.66,ZAR,2025
SKU-366040,33.33,ZAR,2024
SKU-366040,35.33,ZAR,2025
SKU-261147,26.82,ZAR,2024
SKU-261147,28.44,ZAR,2025
SKU-637923,35.85,ZAR,2024
SKU-637923,38.0,ZAR,2025
SKU-843516,16.95,ZAR,2024
SKU-843516,17.96,ZAR,2025
SKU-422950,21.29,ZAR,2024
SKU-422950,22.57,ZAR,2025
SKU-788856,56.41,ZAR,2024
SKU-788856,59.79,ZAR,2025
SKU-484408,15.62,ZAR,2024
SKU-484408,16.56,ZAR,2025
SKU-313430,14.27,ZAR,2024
SKU-313430,15.13,ZAR,2025
SKU-676757,26.33,ZAR,2024
SKU-676757,27.91,ZAR,2025
SKU-511500,87.51,ZAR,2024
SKU-511500,92.76,ZAR,2025
SKU-285017,12.68,ZAR,2024
SKU-285017,13.45,ZAR,2025
SKU-604699,5.55,ZAR,2024
SKU-604699,5.88,ZAR,2025
SKU-458196,8.83,ZAR,2024
SKU-458196,9.36,ZAR,2025
SKU-892561,41.29,ZAR,2024
SKU-892561,43.77,ZAR,2025
SKU-551098,24.07,ZAR,2024
SKU-551098,25.51,ZAR,2025
SKU-542447,48.72,ZAR,2024
SKU-542447,51.64,ZAR,2025
SKU-301752,10.19,ZAR,2024
SKU-301752,10.8,ZAR,2025
SKU-830036,11.47,ZAR,2024
SKU-830036,12.16,ZAR,2025
SKU-477814,50.76,ZAR,2024
SKU-477814,53.81,ZAR,2025
SKU-145801,106.13,ZAR,2024
SKU-145801,112.5,ZAR,2025
SKU-686414,25.76,ZAR,2024
SKU-686414,27.31,ZAR,2025
SKU-503422,29.71,ZAR,2024
SKU-503422,31.49,ZAR,2025
SKU-811105,55.84,ZAR,2024
SKU-811105,59.19,ZAR,2025
SKU-821905,44.63,ZAR,2024
SKU-821905,47.3,ZAR,2025
SKU-275178,11.45,ZAR,2024
SKU-275178,12.14,ZAR,2025
SKU-391173,25.64,ZAR,2024
SKU-391173,27.18,ZAR,2025
SKU-570210,10.04,ZAR,2024
SKU-570210,10.64,ZAR,2025
SKU-125267,22.84,ZAR,2024
SKU-125267,24.21,ZAR,2025
SKU-640098,62.44,ZAR,2024
SKU-640098,66.19,ZAR,2025
SKU-142743,14.15,ZAR,2024
SKU-142743,14.99,ZAR,2025
SKU-370276,13.22,ZAR,2024
SKU-370276,14.01,ZAR,2025
SKU-361474,12.62,ZAR,2024
SKU-361474,13.38,ZAR,2025
SKU-714173,36.98,ZAR,2024
SKU-714173,39.2,ZAR,2025
SKU-136511,20.26,ZAR,2024
SKU-136511,21.47,ZAR,2025
SKU-704798,26.39,ZAR,2024
SKU-704798,27.98,ZAR,2025
SKU-299042,30.21,ZAR,2024
SKU-299042,32.02,ZAR,2025
SKU-426603,17.8,ZAR,2024
SKU-426603,18.87,ZAR,2025
SKU-671756,56.05,ZAR,2024
SKU-671756,59.41,ZAR,2025
SKU-691112,56.84,ZAR,2024
SKU-691112,60.25,ZAR,2025
SKU-935285,11.17,ZAR,2024
SKU-935285,11.84,ZAR,2025
SKU-888217,13.6,ZAR,2024
SKU-888217,14.42,ZAR,2025
SKU-197835,156.74,ZAR,2024
SKU-197835,166.15,ZAR,2025
SKU-550979,15.31,ZAR,2024
SKU-550979,16.23,ZAR,2025
SKU-221715,43.31,ZAR,2024
SKU-221715,45.91,ZAR,2025
SKU-452047,212.87,ZAR,2024
SKU-452047,225.64,ZAR,2025
SKU-300338,19.2,ZAR,2024
SKU-300338,20.35,ZAR,2025
SKU-340339,24.34,ZAR,2024
SKU-340339,25.81,ZAR,2025
SKU-762039,211.58,ZAR,2024
SKU-762039,224.28,ZAR,2025
SKU-786231,8.74,ZAR,2024
SKU-786231,9.27,ZAR,2025
SKU-857592,52.61,ZAR,2024
SKU-857592,55.77,ZAR,2025
SKU-716078,142.22,ZAR,2024
SKU-716078,150.76,ZAR,2025
SKU-832270,6.99,ZAR,2024
SKU-832270,7.41,ZAR,2025
SKU-524328,55.82,ZAR,2024
SKU-524328,59.17,ZAR,2025
SKU-309831,13.21,ZAR,2024
SKU-309831,14.0,ZAR,2025
SKU-509044,102.68,ZAR,2024
SKU-509044,108.84,ZAR,2025
SKU-773515,12.47,ZAR,2024
SKU-773515,13.21,ZAR,2025
SKU-826607,58.83,ZAR,2024
SKU-826607,62.36,ZAR,2025
SKU-525415,19.56,ZAR,2024
SKU-525415,20.74,ZAR,2025
SKU-137203,22.17,ZAR,2024
SKU-137203,23.5,ZAR,2025
SKU-328176,19.18,ZAR,2024
SKU-328176,20.33,ZAR,2025
SKU-508596,11.93,ZAR,2024
SKU-508596,12.65,ZAR,2025
SKU-290492,18.68,ZAR,2024
SKU-290492,19.8,ZAR,2025
SKU-158176,27.09,ZAR,2024
SKU-158176,28.71,ZAR,2025
SKU-263449,35.53,ZAR,2024
SKU-263449,37.66,ZAR,2025
SKU-429273,8.82,ZAR,2024
SKU-429273,9.34,ZAR,2025
SKU-271735,43.07,ZAR,2024
SKU-271735,45.65,ZAR,2025
SKU-392635,19.12,ZAR,2024
SKU-392635,20.27,ZAR,2025
SKU-886587,28.39,ZAR,2024
SKU-886587,30.09,ZAR,2025
SKU-759155,11.67,ZAR,2024
SKU-759155,12.37,ZAR,2025
SKU-625525,24.6,ZAR,2024
SKU-625525,26.08,ZAR,2025
SKU-657754,142.73,ZAR,2024
SKU-657754,151.29,ZAR,2025
SKU-235700,49.13,ZAR,2024
SKU-235700,52.08,ZAR,2025
SKU-718980,24.8,ZAR,2024
SKU-718980,26.29,ZAR,2025
SKU-377467,33.39,ZAR,2024
SKU-377467,35.4,ZAR,2025
SKU-992252,26.47,ZAR,2024
SKU-992252,28.06,ZAR,2025
SKU-170727,83.14,ZAR,2024
SKU-170727,88.12,ZAR,2025
SKU-360349,43.47,ZAR,2024
SKU-360349,46.07,ZAR,2025
SKU-221842,7.95,ZAR,2024
SKU-221842,8.42,ZAR,2025
SKU-756897,13.69,ZAR,2024
SKU-756897,14.51,ZAR,2025
SKU-191394,68.11,ZAR,2024
SKU-191394,72.2,ZAR,2025
SKU-309188,190.22,ZAR,2024
SKU-309188,201.63,ZAR,2025
SKU-928541,17.84,ZAR,2024
SKU-928541,18.91,ZAR,2025
SKU-592211,4.05,ZAR,2024
SKU-592211,4.3,ZAR,2025
SKU-766669,13.56,ZAR,2024
SKU-766669,14.37,ZAR,2025
SKU-317022,29.49,ZAR,2024
SKU-317022,31.26,ZAR,2025
SKU-530111,35.82,ZAR,2024
SKU-530111,37.97,ZAR,2025
SKU-185585,47.76,ZAR,2024
SKU-185585,50.63,ZAR,2025
SKU-865711,68.63,ZAR,2024
SKU-865711,72.75,ZAR,2025
SKU-182403,42.16,ZAR,2024
SKU-182403,44.69,ZAR,2025
SKU-657661,23.38,ZAR,2024
SKU-657661,24.78,ZAR,2025
SKU-751969,36.01,ZAR,2024
SKU-751969,38.17,ZAR,2025
SKU-221242,72.09,ZAR,2024
SKU-221242,76.41,ZAR,2025
SKU-555219,14.46,ZAR,2024
SKU-555219,15.32,ZAR,2025
SKU-249872,176.32,ZAR,2024
SKU-249872,186.9,ZAR,2025
SKU-642865,84.52,ZAR,2024
SKU-642865,89.6,ZAR,2025
SKU-198146,46.51,ZAR,2024
SKU-198146,49.3,ZAR,2025
SKU-453473,194.43,ZAR,2024
SKU-453473,206.1,ZAR,2025
SKU-851003,124.71,ZAR,2024
SKU-851003,132.2,ZAR,2025
SKU-172989,26.56,ZAR,2024
SKU-172989,28.15,ZAR,2025
SKU-572185,179.62,ZAR,2024
SKU-572185,190.4,ZAR,2025
SKU-808522,34.53,ZAR,2024
SKU-808522,36.61,ZAR,2025
SKU-836650,27.22,ZAR,2024
SKU-836650,28.85,ZAR,2025
SKU-785651,21.92,ZAR,2024
SKU-785651,23.24,ZAR,2025
SKU-301877,38.26,ZAR,2024
SKU-301877,40.56,ZAR,2025
SKU-812068,209.74,ZAR,2024
SKU-812068,222.33,ZAR,2025
SKU-238246,42.69,ZAR,2024
SKU-238246,45.26,ZAR,2025
SKU-472302,100.35,ZAR,2024
SKU-472302,106.37,ZAR,2025
SKU-205267,68.03,ZAR,2024
SKU-205267,72.11,ZAR,2025
SKU-325626,5.33,ZAR,2024
SKU-325626,5.66,ZAR,2025
SKU-455562,27.63,ZAR,2024
SKU-455562,29.29,ZAR,2025
SKU-832351,67.45,ZAR,2024
SKU-832351,71.5,ZAR,2025
SKU-343916,14.82,ZAR,2024
SKU-343916,15.71,ZAR,2025
SKU-549875,36.53,ZAR,2024
SKU-549875,38.72,ZAR,2025
SKU-103774,12.12,ZAR,2024
SKU-103774,12.85,ZAR,2025
SKU-428180,23.65,ZAR,2024
SKU-428180,25.07,ZAR,2025
SKU-617877,72.62,ZAR,2024
SKU-617877,76.98,ZAR,2025
SKU-520594,10.22,ZAR,2024
SKU-520594,10.83,ZAR,2025
SKU-688080,26.84,ZAR,2024
SKU-688080,28.45,ZAR,2025
SKU-829827,17.19,ZAR,2024
SKU-829827,18.22,ZAR,2025
SKU-977524,42.88,ZAR,2024
SKU-977524,45.45,ZAR,2025
SKU-740025,51.32,ZAR,2024
SKU-740025,54.4,ZAR,2025
SKU-861962,30.1,ZAR,2024
SKU-861962,31.91,ZAR,2025
SKU-967145,28.53,ZAR,2024
SKU-967145,30.24,ZAR,2025
SKU-824671,13.96,ZAR,2024
SKU-824671,14.8,ZAR,2025
SKU-321282,13.4,ZAR,2024
SKU-321282,14.2,ZAR,2025
SKU-224171,18.91,ZAR,2024
SKU-224171,20.05,ZAR,2025
SKU-820987,57.05,ZAR,2024
SKU-820987,60.47,ZAR,2025
SKU-229557,77.59,ZAR,2024
SKU-229557,82.24,ZAR,2025
SKU-835387,16.88,ZAR,2024
SKU-835387,17.9,ZAR,2025
SKU-716484,24.7,ZAR,2024
SKU-716484,26.18,ZAR,2025
SKU-496845,54.1,ZAR,2024
SKU-496845,57.34,ZAR,2025
SKU-934603,7.28,ZAR,2024
SKU-934603,7.72,ZAR,2025
SKU-801894,25.83,ZAR,2024
SKU-801894,27.38,ZAR,2025
SKU-267616,12.1,ZAR,2024
SKU-267616,12.83,ZAR,2025
SKU-357573,14.82,ZAR,2024
SKU-357573,15.71,ZAR,2025
SKU-411015,25.66,ZAR,2024
SKU-411015,27.2,ZAR,2025
SKU-376140,75.73,ZAR,2024
SKU-376140,80.27,ZAR,2025
SKU-445413,44.74,ZAR,2024
SKU-445413,47.42,ZAR,2025
SKU-636574,21.04,ZAR,2024
SKU-636574,22.3,ZAR,2025
SKU-933401,15.96,ZAR,2024
SKU-933401,16.91,ZAR,2025
SKU-410044,19.27,ZAR,2024
SKU-410044,20.43,ZAR,2025
SKU-885549,73.91,ZAR,2024
SKU-885549,78.35,ZAR,2025
SKU-147232,32.27,ZAR,2024
SKU-147232,34.21,ZAR,2025
SKU-755039,42.98,ZAR,2024
SKU-755039,45.56,ZAR,2025
SKU-361042,12.22,ZAR,2024
SKU-361042,12.95,ZAR,2025
SKU-989693,13.63,ZAR,2024
SKU-989693,14.45,ZAR,2025
SKU-397873,26.25,ZAR,2024
SKU-397873,27.83,ZAR,2025
SKU-171327,11.06,ZAR,2024
SKU-171327,11.72,ZAR,2025
SKU-612906,38.44,ZAR,2024
SKU-612906,40.75,ZAR,2025
SKU-538714,99.39,ZAR,2024
SKU-538714,105.36,ZAR,2025
SKU-657810,23.19,ZAR,2024
SKU-657810,24.58,ZAR,2025
SKU-582680,59.41,ZAR,2024
SKU-582680,62.97,ZAR,2025
SKU-301621,6.1,ZAR,2024
SKU-301621,6.47,ZAR,2025
SKU-757724,88.59,ZAR,2024
SKU-757724,93.91,ZAR,2025
SKU-808674,77.5,ZAR,2024
SKU-808674,82.15,ZAR,2025
SKU-676064,54.95,ZAR,2024
SKU-676064,58.25,ZAR,2025
SKU-946241,52.23,ZAR,2024
SKU-946241,55.36,ZAR,2025
SKU-535417,13.2,ZAR,2024
SKU-535417,13.99,ZAR,2025
SKU-665051,27.53,ZAR,2024
SKU-665051,29.18,ZAR,2025
SKU-316643,21.85,ZAR,2024
SKU-316643,23.17,ZAR,2025
SKU-944361,21.11,ZAR,2024
SKU-944361,22.38,ZAR,2025
SKU-353381,23.08,ZAR,2024
SKU-353381,24.47,ZAR,2025
SKU-747235,18.95,ZAR,2024
SKU-747235,20.09,ZAR,2025
SKU-719014,21.14,ZAR,2024
SKU-719014,22.41,ZAR,2025
SKU-583846,17.12,ZAR,2024
SKU-583846,18.15,ZAR,2025
SKU-706188,15.05,ZAR,2024
SKU-706188,15.95,ZAR,2025
SKU-447025,18.4,ZAR,2024
SKU-447025,19.5,ZAR,2025
SKU-632657,5.52,ZAR,2024
SKU-632657,5.85,ZAR,2025
SKU-599351,47.51,ZAR,2024
SKU-599351,50.36,ZAR,2025
SKU-870000,58.25,ZAR,2024
SKU-870000,61.74,ZAR,2025
SKU-561311,17.2,ZAR,2024
SKU-561311,18.23,ZAR,2025
SKU-414583,11.59,ZAR,2024
SKU-414583,12.29,ZAR,2025
SKU-772229,94.78,ZAR,2024
SKU-772229,100.46,ZAR,2025
SKU-342871,15.55,ZAR,2024
SKU-342871,16.48,ZAR,2025
SKU-498178,60.42,ZAR,2024
SKU-498178,64.04,ZAR,2025
SKU-233528,34.45,ZAR,2024
SKU-233528,36.52,ZAR,2025
SKU-226847,48.67,ZAR,2024
SKU-226847,51.59,ZAR,2025
SKU-821183,151.47,ZAR,2024
SKU-821183,160.56,ZAR,2025
SKU-784932,107.45,ZAR,2024
SKU-784932,113.9,ZAR,2025
SKU-509996,6.4,ZAR,2024
SKU-509996,6.78,ZAR,2025
SKU-201666,16.68,ZAR,2024
SKU-201666,17.68,ZAR,2025
SKU-591727,26.21,ZAR,2024
SKU-591727,27.79,ZAR,2025
SKU-317529,12.33,ZAR,2024
SKU-317529,13.07,ZAR,2025
SKU-972578,10.5,ZAR,2024
SKU-972578,11.13,ZAR,2025
SKU-640233,75.59,ZAR,2024
SKU-640233,80.13,ZAR,2025
SKU-547992,20.63,ZAR,2024
SKU-547992,21.87,ZAR,2025
SKU-423711,64.45,ZAR,2024
SKU-423711,68.32,ZAR,2025
SKU-730587,43.55,ZAR,2024
SKU-730587,46.16,ZAR,2025
SKU-899596,37.63,ZAR,2024
SKU-899596,39.89,ZAR,2025
SKU-920015,21.16,ZAR,2024
SKU-920015,22.43,ZAR,2025
SKU-420688,68.05,ZAR,2024
SKU-420688,72.13,ZAR,2025
SKU-962636,23.51,ZAR,2024
SKU-962636,24.92,ZAR,2025
SKU-840389,20.43,ZAR,2024
SKU-840389,21.66,ZAR,2025
SKU-547040,56.54,ZAR,2024
SKU-547040,59.94,ZAR,2025
SKU-902771,51.61,ZAR,2024
SKU-902771,54.71,ZAR,2025
SKU-547739,31.74,ZAR,2024
SKU-547739,33.64,ZAR,2025
SKU-349947,71.4,ZAR,2024
SKU-349947,75.68,ZAR,2025
SKU-596562,50.96,ZAR,2024
SKU-596562,54.02,ZAR,2025
SKU-472415,18.57,ZAR,2024
SKU-472415,19.69,ZAR,2025
SKU-146281,67.77,ZAR,2024
SKU-146281,71.83,ZAR,2025
SKU-293545,40.29,ZAR,2024
SKU-293545,42.71,ZAR,2025
SKU-732495,21.0,ZAR,2024
SKU-732495,22.26,ZAR,2025
SKU-271770,38.59,ZAR,2024
SKU-271770,40.91,ZAR,2025
SKU-415231,47.86,ZAR,2024
SKU-415231,50.73,ZAR,2025
SKU-125810,25.13,ZAR,2024
SKU-125810,26.64,ZAR,2025
SKU-707946,205.91,ZAR,2024
SKU-707946,218.27,ZAR,2025
SKU-934351,182.75,ZAR,2024
SKU-934351,193.72,ZAR,2025
SKU-836618,23.26,ZAR,2024
SKU-836618,24.66,ZAR,2025
SKU-823251,15.15,ZAR,2024
SKU-823251,16.06,ZAR,2025
SKU-502903,7.51,ZAR,2024
SKU-502903,7.96,ZAR,2025
SKU-685908,209.35,ZAR,2024
SKU-685908,221.91,ZAR,2025
SKU-278819,9.65,ZAR,2024
SKU-278819,10.23,ZAR,2025
SKU-753468,49.58,ZAR,2024
SKU-753468,52.56,ZAR,2025
SKU-701473,28.62,ZAR,2024
SKU-701473,30.34,ZAR,2025
SKU-807324,22.01,ZAR,2024
SKU-807324,23.33,ZAR,2025
SKU-112294,16.15,ZAR,2024
SKU-112294,17.12,ZAR,2025
SKU-858002,16.65,ZAR,2024
SKU-858002,17.65,ZAR,2025
SKU-408749,31.43,ZAR,2024
SKU-408749,33.32,ZAR,2025
SKU-398612,58.45,ZAR,2024
SKU-398612,61.96,ZAR,2025
SKU-813992,24.71,ZAR,2024
SKU-813992,26.19,ZAR,2025
SKU-461701,7.65,ZAR,2024
SKU-461701,8.11,ZAR,2025
SKU-493362,42.59,ZAR,2024
SKU-493362,45.15,ZAR,2025
SKU-356798,71.0,ZAR,2024
SKU-356798,75.26,ZAR,2025
SKU-748597,18.83,ZAR,2024
SKU-748597,19.96,ZAR,2025
SKU-512306,217.1,ZAR,2024
SKU-512306,230.13,ZAR,2025
SKU-455334,7.93,ZAR,2024
SKU-455334,8.4,ZAR,2025
SKU-166712,8.91,ZAR,2024
SKU-166712,9.44,ZAR,2025
SKU-467455,68.54,ZAR,2024
SKU-467455,72.65,ZAR,2025
SKU-386177,24.76,ZAR,2024
SKU-386177,26.24,ZAR,2025
SKU-462069,34.33,ZAR,2024
SKU-462069,36.39,ZAR,2025
SKU-200531,19.52,ZAR,2024
SKU-200531,20.7,ZAR,2025
SKU-541263,14.82,ZAR,2024
SKU-541263,15.71,ZAR,2025
SKU-555899,37.18,ZAR,2024
SKU-555899,39.42,ZAR,2025
SKU-793465,24.01,ZAR,2024
SKU-793465,25.45,ZAR,2025
SKU-991211,12.8,ZAR,2024
SKU-991211,13.57,ZAR,2025
SKU-920596,31.02,ZAR,2024
SKU-920596,32.88,ZAR,2025
SKU-151467,13.82,ZAR,2024
SKU-151467,14.65,ZAR,2025
SKU-983084,13.43,ZAR,2024
SKU-983084,14.24,ZAR,2025
SKU-956261,29.39,ZAR,2024
SKU-956261,31.16,ZAR,2025
SKU-261886,31.45,ZAR,2024
SKU-261886,33.34,ZAR,2025
SKU-453129,29.87,ZAR,2024
SKU-453129,31.66,ZAR,2025
SKU-678643,16.53,ZAR,2024
SKU-678643,17.52,ZAR,2025
SKU-755845,34.33,ZAR,2024
SKU-755845,36.39,ZAR,2025
SKU-137986,57.79,ZAR,2024
SKU-137986,61.26,ZAR,2025
SKU-496338,19.59,ZAR,2024
SKU-496338,20.76,ZAR,2025
SKU-484251,8.22,ZAR,2024
SKU-484251,8.71,ZAR,2025
SKU-995185,14.96,ZAR,2024
SKU-995185,15.85,ZAR,2025
SKU-429796,73.32,ZAR,2024
SKU-429796,77.72,ZAR,2025
SKU-889121,31.38,ZAR,2024
SKU-889121,33.27,ZAR,2025
SKU-813823,19.45,ZAR,2024
SKU-813823,20.61,ZAR,2025
SKU-910855,26.37,ZAR,2024
SKU-910855,27.95,ZAR,2025
SKU-526685,10.09,ZAR,2024
SKU-526685,10.7,ZAR,2025
SKU-505236,21.78,ZAR,2024
SKU-505236,23.09,ZAR,2025
SKU-840386,64.73,ZAR,2024
SKU-840386,68.62,ZAR,2025
SKU-996179,34.52,ZAR,2024
SKU-996179,36.59,ZAR,2025
SKU-245430,39.86,ZAR,2024
SKU-245430,42.25,ZAR,2025
SKU-272688,56.52,ZAR,2024
SKU-272688,59.91,ZAR,2025
SKU-608148,8.63,ZAR,2024
SKU-608148,9.15,ZAR,2025
SKU-609284,48.38,ZAR,2024
SKU-609284,51.29,ZAR,2025
SKU-667556,11.84,ZAR,2024
SKU-667556,12.55,ZAR,2025
SKU-162265,30.25,ZAR,2024
SKU-162265,32.07,ZAR,2025
SKU-559188,11.64,ZAR,2024
SKU-559188,12.34,ZAR,2025
SKU-717204,46.79,ZAR,2024
SKU-717204,49.59,ZAR,2025
SKU-347176,25.25,ZAR,2024
SKU-347176,26.76,ZAR,2025
SKU-388776,41.05,ZAR,2024
SKU-388776,43.51,ZAR,2025
SKU-351454,68.25,ZAR,2024
SKU-351454,72.35,ZAR,2025
SKU-351168,37.48,ZAR,2024
SKU-351168,39.72,ZAR,2025
SKU-851951,31.12,ZAR,2024
SKU-851951,32.99,ZAR,2025
SKU-243462,66.99,ZAR,2024
SKU-243462,71.01,ZAR,2025
SKU-544119,32.16,ZAR,2024
SKU-544119,34.09,ZAR,2025
SKU-780832,10.74,ZAR,2024
SKU-780832,11.39,ZAR,2025
SKU-438657,10.21,ZAR,2024
SKU-438657,10.82,ZAR,2025
SKU-432501,29.98,ZAR,2024
SKU-432501,31.78,ZAR,2025
SKU-385865,94.41,ZAR,2024
SKU-385865,100.07,ZAR,2025
SKU-369447,19.05,ZAR,2024
SKU-369447,20.2,ZAR,2025
SKU-275496,190.74,ZAR,2024
SKU-275496,202.18,ZAR,2025
SKU-715148,12.64,ZAR,2024
SKU-715148,13.4,ZAR,2025
SKU-912225,36.47,ZAR,2024
SKU-912225,38.66,ZAR,2025
SKU-483714,10.38,ZAR,2024
SKU-483714,11.01,ZAR,2025
SKU-506678,16.24,ZAR,2024
SKU-506678,17.22,ZAR,2025
SKU-632971,22.11,ZAR,2024
SKU-632971,23.44,ZAR,2025
SKU-757485,219.61,ZAR,2024
SKU-757485,232.79,ZAR,2025
SKU-235792,26.45,ZAR,2024
SKU-235792,28.04,ZAR,2025
SKU-519834,10.52,ZAR,2024
SKU-519834,11.15,ZAR,2025
SKU-315712,17.47,ZAR,2024
SKU-315712,18.51,ZAR,2025
SKU-709626,38.86,ZAR,2024
SKU-709626,41.19,ZAR,2025
SKU-627407,37.0,ZAR,2024
SKU-627407,39.22,ZAR,2025
SKU-880851,20.0,ZAR,2024
SKU-880851,21.21,ZAR,2025
SKU-834144,15.63,ZAR,2024
SKU-834144,16.57,ZAR,2025
SKU-496685,39.97,ZAR,2024
SKU-496685,42.37,ZAR,2025
SKU-661800,22.75,ZAR,2024
SKU-661800,24.12,ZAR,2025
SKU-654876,39.34,ZAR,2024
SKU-654876,41.7,ZAR,2025
SKU-824622,28.84,ZAR,2024
SKU-824622,30.57,ZAR,2025
SKU-321040,16.07,ZAR,2024
SKU-321040,17.03,ZAR,2025
SKU-960684,16.3,ZAR,2024
SKU-960684,17.28,ZAR,2025
SKU-270066,100.65,ZAR,2024
SKU-270066,106.69,ZAR,2025
SKU-890973,6.14,ZAR,2024
SKU-890973,6.51,ZAR,2025
SKU-335306,16.7,ZAR,2024
SKU-335306,17.71,ZAR,2025
SKU-578490,38.9,ZAR,2024
SKU-578490,41.23,ZAR,2025
SKU-522220,103.57,ZAR,2024
SKU-522220,109.79,ZAR,2025
SKU-462983,25.69,ZAR,2024
SKU-462983,27.23,ZAR,2025
SKU-377214,23.05,ZAR,2024
SKU-377214,24.44,ZAR,2025
SKU-765918,8.46,ZAR,2024
SKU-765918,8.96,ZAR,2025
SKU-652512,19.9,ZAR,2024
SKU-652512,21.09,ZAR,2025
SKU-209100,67.44,ZAR,2024
SKU-209100,71.49,ZAR,2025
SKU-183350,59.5,ZAR,2024
SKU-183350,63.07,ZAR,2025
SKU-103863,55.68,ZAR,2024
SKU-103863,59.02,ZAR,2025
SKU-471853,74.88,ZAR,2024
SKU-471853,79.38,ZAR,2025
SKU-449265,8.52,ZAR,2024
SKU-449265,9.04,ZAR,2025
SKU-213023,12.19,ZAR,2024
SKU-213023,12.92,ZAR,2025
SKU-373975,23.24,ZAR,2024
SKU-373975,24.63,ZAR,2025
SKU-930951,49.16,ZAR,2024
SKU-930951,52.12,ZAR,2025
SKU-128000,59.99,ZAR,2024
SKU-128000,63.59,ZAR,2025
SKU-924610,27.56,ZAR,2024
SKU-924610,29.22,ZAR,2025
SKU-171269,60.25,ZAR,2024
SKU-171269,63.87,ZAR,2025
SKU-232209,22.08,ZAR,2024
SKU-232209,23.4,ZAR,2025
SKU-422673,39.04,ZAR,2024
SKU-422673,41.38,ZAR,2025
SKU-677291,66.07,ZAR,2024
SKU-677291,70.03,ZAR,2025
SKU-256872,82.14,ZAR,2024
SKU-256872,87.07,ZAR,2025
SKU-332262,26.74,ZAR,2024
SKU-332262,28.35,ZAR,2025
SKU-407895,68.2,ZAR,2024
SKU-407895,72.29,ZAR,2025
SKU-242510,6.69,ZAR,2024
SKU-242510,7.09,ZAR,2025
SKU-829165,11.28,ZAR,2024
SKU-829165,11.96,ZAR,2025
SKU-756120,29.84,ZAR,2024
SKU-756120,31.63,ZAR,2025
SKU-828284,10.64,ZAR,2024
SKU-828284,11.28,ZAR,2025
SKU-824275,8.5,ZAR,2024
SKU-824275,9.01,ZAR,2025
SKU-639418,163.45,ZAR,2024
SKU-639418,173.26,ZAR,2025
SKU-178642,23.14,ZAR,2024
SKU-178642,24.52,ZAR,2025
SKU-193448,17.41,ZAR,2024
SKU-193448,18.45,ZAR,2025
SKU-793328,13.26,ZAR,2024
SKU-793328,14.05,ZAR,2025
SKU-580493,39.61,ZAR,2024
SKU-580493,41.99,ZAR,2025
SKU-499762,7.34,ZAR,2024
SKU-499762,7.79,ZAR,2025
SKU-108650,14.18,ZAR,2024
SKU-108650,15.03,ZAR,2025
SKU-772079,34.41,ZAR,2024
SKU-772079,36.48,ZAR,2025
SKU-286883,9.59,ZAR,2024
SKU-286883,10.16,ZAR,2025
SKU-818755,50.68,ZAR,2024
SKU-818755,53.72,ZAR,2025
SKU-975655,22.97,ZAR,2024
SKU-975655,24.34,ZAR,2025
SKU-275810,9.67,ZAR,2024
SKU-275810,10.25,ZAR,2025
SKU-624817,15.3,ZAR,2024
SKU-624817,16.22,ZAR,2025
SKU-919995,64.37,ZAR,2024
SKU-919995,68.24,ZAR,2025
SKU-502442,26.94,ZAR,2024
SKU-502442,28.56,ZAR,2025
SKU-474629,88.84,ZAR,2024
SKU-474629,94.17,ZAR,2025
SKU-701356,34.91,ZAR,2024
SKU-701356,37.01,ZAR,2025
SKU-111752,25.99,ZAR,2024
SKU-111752,27.55,ZAR,2025
SKU-716983,43.56,ZAR,2024
SKU-716983,46.17,ZAR,2025
SKU-884277,12.05,ZAR,2024
SKU-884277,12.77,ZAR,2025
SKU-920298,9.52,ZAR,2024
SKU-920298,10.09,ZAR,2025
SKU-626818,12.91,ZAR,2024
SKU-626818,13.68,ZAR,2025
SKU-221226,10.06,ZAR,2024
SKU-221226,10.66,ZAR,2025
SKU-102797,18.09,ZAR,2024
SKU-102797,19.18,ZAR,2025
SKU-846531,12.04,ZAR,2024
SKU-846531,12.76,ZAR,2025
SKU-168733,12.37,ZAR,2024
SKU-168733,13.11,ZAR,2025
SKU-484943,58.39,ZAR,2024
SKU-484943,61.89,ZAR,2025
SKU-985116,18.71,ZAR,2024
SKU-985116,19.83,ZAR,2025
SKU-213460,57.7,ZAR,2024
SKU-213460,61.16,ZAR,2025
SKU-667809,10.59,ZAR,2024
SKU-667809,11.22,ZAR,2025
SKU-484825,41.51,ZAR,2024
SKU-484825,44.01,ZAR,2025
SKU-791392,17.32,ZAR,2024
SKU-791392,18.36,ZAR,2025
SKU-692585,79.23,ZAR,2024
SKU-692585,83.98,ZAR,2025
SKU-674695,50.01,ZAR,2024
SKU-674695,53.01,ZAR,2025
SKU-949067,26.93,ZAR,2024
SKU-949067,28.55,ZAR,2025
SKU-684353,69.4,ZAR,2024
SKU-684353,73.57,ZAR,2025
SKU-477707,20.55,ZAR,2024
SKU-477707,21.78,ZAR,2025
SKU-241231,33.21,ZAR,2024
SKU-241231,35.2,ZAR,2025
SKU-534365,19.68,ZAR,2024
SKU-534365,20.86,ZAR,2025
SKU-738984,30.61,ZAR,2024
SKU-738984,32.44,ZAR,2025
SKU-645749,20.59,ZAR,2024
SKU-645749,21.82,ZAR,2025
SKU-297097,36.1,ZAR,2024
SKU-297097,38.27,ZAR,2025
SKU-812230,3.64,ZAR,2024
SKU-812230,3.86,ZAR,2025
SKU-279906,18.64,ZAR,2024
SKU-279906,19.76,ZAR,2025
SKU-327038,88.3,ZAR,2024
SKU-327038,93.6,ZAR,2025
SKU-429776,30.4,ZAR,2024
SKU-429776,32.23,ZAR,2025
SKU-954671,74.05,ZAR,2024
SKU-954671,78.49,ZAR,2025
SKU-710528,24.5,ZAR,2024
SKU-710528,25.97,ZAR,2025
SKU-451465,52.34,ZAR,2024
SKU-451465,55.48,ZAR,2025
SKU-801567,13.87,ZAR,2024
SKU-801567,14.71,ZAR,2025
SKU-777317,25.08,ZAR,2024
SKU-777317,26.59,ZAR,2025
SKU-598905,17.34,ZAR,2024
SKU-598905,18.38,ZAR,2025
SKU-361029,112.93,ZAR,2024
SKU-361029,119.7,ZAR,2025
SKU-438870,38.74,ZAR,2024
SKU-438870,41.07,ZAR,2025
SKU-619794,13.61,ZAR,2024
SKU-619794,14.43,ZAR,2025
SKU-607737,8.58,ZAR,2024
SKU-607737,9.09,ZAR,2025
SKU-528144,17.28,ZAR,2024
SKU-528144,18.32,ZAR,2025
SKU-843736,35.97,ZAR,2024
SKU-843736,38.13,ZAR,2025
SKU-224567,14.62,ZAR,2024
SKU-224567,15.5,ZAR,2025
SKU-100490,11.43,ZAR,2024
SKU-100490,12.12,ZAR,2025
SKU-670898,23.94,ZAR,2024
SKU-670898,25.38,ZAR,2025
SKU-349228,15.47,ZAR,2024
SKU-349228,16.4,ZAR,2025
SKU-839028,31.54,ZAR,2024
SKU-839028,33.44,ZAR,2025
SKU-970154,25.12,ZAR,2024
SKU-970154,26.62,ZAR,2025
SKU-221695,19.11,ZAR,2024
SKU-221695,20.26,ZAR,2025
SKU-263520,35.5,ZAR,2024
SKU-263520,37.63,ZAR,2025
SKU-575626,22.74,ZAR,2024
SKU-575626,24.1,ZAR,2025
SKU-331699,11.56,ZAR,2024
SKU-331699,12.26,ZAR,2025
SKU-806421,18.44,ZAR,2024
SKU-806421,19.54,ZAR,2025
SKU-807098,58.54,ZAR,2024
SKU-807098,62.05,ZAR,2025
SKU-885511,16.93,ZAR,2024
SKU-885511,17.95,ZAR,2025
SKU-674487,10.32,ZAR,2024
SKU-674487,10.94,ZAR,2025
SKU-340694,6.83,ZAR,2024
SKU-340694,7.24,ZAR,2025
SKU-254689,28.9,ZAR,2024
SKU-254689,30.63,ZAR,2025
SKU-683896,55.95,ZAR,2024
SKU-683896,59.3,ZAR,2025
SKU-129681,5.65,ZAR,2024
SKU-129681,5.99,ZAR,2025
SKU-569111,45.02,ZAR,2024
SKU-569111,47.73,ZAR,2025
SKU-117542,20.7,ZAR,2024
SKU-117542,21.94,ZAR,2025
SKU-553516,15.62,ZAR,2024
SKU-553516,16.56,ZAR,2025
SKU-920146,18.52,ZAR,2024
SKU-920146,19.63,ZAR,2025
SKU-550462,124.83,ZAR,2024
SKU-550462,132.32,ZAR,2025
SKU-161471,109.25,ZAR,2024
SKU-161471,115.8,ZAR,2025
SKU-538684,217.29,ZAR,2024
SKU-538684,230.33,ZAR,2025
SKU-154152,46.08,ZAR,2024
SKU-154152,48.85,ZAR,2025
SKU-474779,47.86,ZAR,2024
SKU-474779,50.74,ZAR,2025
SKU-824428,35.01,ZAR,2024
SKU-824428,37.11,ZAR,2025
SKU-221813,15.14,ZAR,2024
SKU-221813,16.05,ZAR,2025
SKU-482027,22.99,ZAR,2024
SKU-482027,24.37,ZAR,2025
SKU-888759,24.9,ZAR,2024
SKU-888759,26.4,ZAR,2025
SKU-586903,19.88,ZAR,2024
SKU-586903,21.07,ZAR,2025
SKU-406399,27.33,ZAR,2024
SKU-406399,28.97,ZAR,2025
SKU-485660,19.36,ZAR,2024
SKU-485660,20.52,ZAR,2025
SKU-413586,29.66,ZAR,2024
SKU-413586,31.44,ZAR,2025
SKU-308756,31.24,ZAR,2024
SKU-308756,33.12,ZAR,2025
SKU-204115,24.19,ZAR,2024
SKU-204115,25.64,ZAR,2025
SKU-545414,29.13,ZAR,2024
SKU-545414,30.88,ZAR,2025
SKU-604504,9.6,ZAR,2024
SKU-604504,10.18,ZAR,2025
SKU-518902,18.21,ZAR,2024
SKU-518902,19.3,ZAR,2025
SKU-531792,68.2,ZAR,2024
SKU-531792,72.3,ZAR,2025
SKU-116475,14.98,ZAR,2024
SKU-116475,15.88,ZAR,2025
SKU-634830,218.62,ZAR,2024
SKU-634830,231.74,ZAR,2025
SKU-224332,24.21,ZAR,2024
SKU-224332,25.66,ZAR,2025
SKU-753025,101.79,ZAR,2024
SKU-753025,107.9,ZAR,2025
SKU-359787,26.17,ZAR,2024
SKU-359787,27.74,ZAR,2025
SKU-302529,34.55,ZAR,2024
SKU-302529,36.63,ZAR,2025
SKU-739314,12.2,ZAR,2024
SKU-739314,12.94,ZAR,2025
SKU-375684,28.78,ZAR,2024
SKU-375684,30.5,ZAR,2025
SKU-846830,31.45,ZAR,2024
SKU-846830,33.34,ZAR,2025
SKU-175287,15.47,ZAR,2024
SKU-175287,16.4,ZAR,2025
SKU-946237,37.24,ZAR,2024
SKU-946237,39.47,ZAR,2025
SKU-221583,25.75,ZAR,2024
SKU-221583,27.3,ZAR,2025
SKU-595716,70.99,ZAR,2024
SKU-595716,75.25,ZAR,2025
SKU-433514,20.3,ZAR,2024
SKU-433514,21.52,ZAR,2025
SKU-132574,39.49,ZAR,2024
SKU-132574,41.86,ZAR,2025
SKU-632339,32.08,ZAR,2024
SKU-632339,34.01,ZAR,2025
SKU-447687,17.85,ZAR,2024
SKU-447687,18.92,ZAR,2025
SKU-466413,18.2,ZAR,2024
SKU-466413,19.3,ZAR,2025
SKU-319335,18.94,ZAR,2024
SKU-319335,20.08,ZAR,2025
SKU-152043,27.31,ZAR,2024
SKU-152043,28.95,ZAR,2025
SKU-675664,25.85,ZAR,2024
SKU-675664,27.41,ZAR,2025
SKU-273251,38.04,ZAR,2024
SKU-273251,40.32,ZAR,2025
SKU-342501,87.21,ZAR,2024
SKU-342501,92.44,ZAR,2025
SKU-177498,57.5,ZAR,2024
SKU-177498,60.95,ZAR,2025
SKU-279736,42.32,ZAR,2024
SKU-279736,44.86,ZAR,2025
SKU-687182,25.49,ZAR,2024
SKU-687182,27.02,ZAR,2025
SKU-351216,15.67,ZAR,2024
SKU-351216,16.61,ZAR,2025
SKU-161590,11.38,ZAR,2024
SKU-161590,12.06,ZAR,2025
SKU-285754,111.01,ZAR,2024
SKU-285754,117.67,ZAR,2025
SKU-259807,10.53,ZAR,2024
SKU-259807,11.16,ZAR,2025
SKU-121370,34.31,ZAR,2024
SKU-121370,36.37,ZAR,2025
SKU-441475,31.92,ZAR,2024
SKU-441475,33.84,ZAR,2025
SKU-591806,17.69,ZAR,2024
SKU-591806,18.75,ZAR,2025
SKU-555458,5.38,ZAR,2024
SKU-555458,5.71,ZAR,2025
SKU-343186,33.5,ZAR,2024
SKU-343186,35.51,ZAR,2025
SKU-600826,25.56,ZAR,2024
SKU-600826,27.1,ZAR,2025
SKU-239453,20.8,ZAR,2024
SKU-239453,22.05,ZAR,2025
SKU-925899,181.07,ZAR,2024
SKU-925899,191.93,ZAR,2025
SKU-152861,19.05,ZAR,2024
SKU-152861,20.19,ZAR,2025
SKU-393273,64.65,ZAR,2024
SKU-393273,68.53,ZAR,2025
SKU-409834,5.51,ZAR,2024
SKU-409834,5.84,ZAR,2025
SKU-611040,68.14,ZAR,2024
SKU-611040,72.23,ZAR,2025
SKU-647665,37.42,ZAR,2024
SKU-647665,39.67,ZAR,2025
SKU-289036,3.22,ZAR,2024
SKU-289036,3.41,ZAR,2025
SKU-135086,11.44,ZAR,2024
SKU-135086,12.12,ZAR,2025
SKU-286085,4.17,ZAR,2024
SKU-286085,4.42,ZAR,2025
SKU-487757,51.6,ZAR,2024
SKU-487757,54.69,ZAR,2025
SKU-275745,25.26,ZAR,2024
SKU-275745,26.78,ZAR,2025
SKU-462657,23.88,ZAR,2024
SKU-462657,25.32,ZAR,2025
SKU-764787,12.78,ZAR,2024
SKU-764787,13.55,ZAR,2025
