customer_code,customer_name,store_name,customer_type,channel,province,city
CUST-733299,Zinhle Mehloluhlaza-Soduba,Shoprite,Wholesale,In-Store,Northern Cape,Kimberley
CUST-120960,Mnumzane Thalente Thango,Shoprite,Bulk,Online,North West,Rustenburg
CUST-259249,Mnumzane Bhekani Cenge,Shoprite,Wholesale,In-Store,Free State,Bloemfontein
CUST-225893,Nomagugu Mngomezulu,Usave,Bulk,Online,Gauteng,Soweto
CUST-736097,Njabulo Ngcemu-Ngonini,Checkers Sixty60,Wholesale,In-Store,Gauteng,Johannesburg
CUST-331080,Nomalanga Nsibanyoni,Usave,Wholesale,In-Store,Western Cape,Cape Town
CUST-870409,Thabisile Sibiya,Checkers Sixty60,Bulk,In-Store,Gauteng,Pretoria
CUST-568648,Musa Mkhokeleleki,Shoprite,Retail,Online,North West,Rustenburg
CUST-320445,Njabulo Lukhele,Usave,Wholesale,Online,Gauteng,Tembisa
CUST-148257,Nomathemba Mabuyakhulu,Checkers Sixty60,Bulk,In-Store,Western Cape,Cape Town
CUST-222001,Miss Zenzile Khuluse,Checkers Sixty60,Bulk,Online,Limpopo,Polokwane
CUST-978371,Dade Nomcebo Magujwa,Shoprite,Retail,In-Store,KwaZulu-Natal,Durban
CUST-466167,S'fiso Ndaba,Usave,Wholesale,Online,North West,Rustenburg
CUST-222662,Bhuti Njabulo Xolo,Shoprite,Wholesale,In-Store,Free State,Bloemfontein
CUST-489396,Mandlakhe Dladla,Checkers,Wholesale,In-Store,Northern Cape,Kimberley
CUST-201908,Thembeka Ntshiza,Checkers,Retail,Online,Northern Cape,Kimberley
CUST-255133,Sibongile Dumisa,Checkers,Retail,In-Store,North West,Rustenburg
CUST-882820,Andile Mshikila-Chonco,Usave,Retail,In-Store,Limpopo,Polokwane
CUST-397533,Nkosazana Bhekokwakhe Masango,Shoprite,Retail,Online,Free State,Bloemfontein
CUST-227478,Dr. Mcebisi Mdonswa,Shoprite,Retail,In-Store,KwaZulu-Natal,Pietermaritzburg
CUST-631764,Sibusiso Malambule-Mlaba,Checkers Sixty60,Wholesale,In-Store,Free State,Bloemfontein
CUST-800282,Sibusisiwe Fakude,Shoprite,Retail,Online,KwaZulu-Natal,Pietermaritzburg
CUST-406065,Thando Mphazima,Checkers Sixty60,Wholesale,Online,Western Cape,Cape Town
CUST-167081,Khanyisile Dikane-Dimba,Shoprite,Retail,Online,Limpopo,Polokwane
CUST-782824,Nkosikazi Ndumiso Swazi,Shoprite,Bulk,Online,Gauteng,Pretoria
CUST-698600,Dr. Thembisile Thabizolo,Usave,Retail,In-Store,Northern Cape,Kimberley
CUST-744591,Nomathemba Nkabinde-Mtshali,Checkers,Wholesale,Online,Western Cape,Stellenbosch
CUST-210939,Baba Lungile Dlabane,Checkers Sixty60,Retail,Online,Gauteng,Pretoria
CUST-732792,Mlungisi Xhakaza,Checkers,Bulk,Online,North West,Rustenburg
CUST-810860,Baba Mlungisi Mphahlwa,Checkers,Wholesale,Online,KwaZulu-Natal,Durban
CUST-482908,Baba Luyanda Maphumulo,Checkers Sixty60,Wholesale,Online,Limpopo,Polokwane
CUST-185190,Khanyisile Gobhozi,Checkers,Retail,In-Store,Northern Cape,Kimberley
CUST-152430,Jabulani Mthanti,Checkers,Retail,Online,Gauteng,Soweto
CUST-105144,Musa Mntungwa,Checkers Sixty60,Bulk,In-Store,KwaZulu-Natal,Durban
CUST-885127,Dumisani Nondlela,Checkers,Wholesale,Online,Limpopo,Polokwane
CUST-807167,Thalente Ngomane,Shoprite,Retail,Online,Gauteng,Tembisa
CUST-337994,Dade Gugulethu Blose,Usave,Retail,Online,Gauteng,Johannesburg
CUST-860113,Sibonelo Ngwenya,Shoprite,Bulk,Online,Gauteng,Tembisa
CUST-952585,Dade Londisizwe Mbunjwa,Usave,Wholesale,Online,Gauteng,Pretoria
CUST-288304,Bhekani Hlatshwayo,Checkers,Bulk,In-Store,Free State,Bloemfontein
CUST-987680,Nkosikazi Zenzile Mahlinza,Checkers,Retail,In-Store,Gauteng,Pretoria
CUST-781821,Nomvula Mgabadeli,Checkers,Wholesale,Online,North West,Rustenburg
CUST-556820,Sphiwe Nduli,Usave,Bulk,In-Store,Gauteng,Tembisa
CUST-890404,Mnqobi Biyela,Shoprite,Wholesale,In-Store,KwaZulu-Natal,Durban
CUST-272753,Musa Ncusi,Checkers Sixty60,Retail,In-Store,Gauteng,Tembisa
CUST-405633,Nkosazana Silondile Msibi,Shoprite,Wholesale,Online,Gauteng,Tembisa
CUST-329701,Sibongile Nhleko,Checkers Sixty60,Retail,In-Store,Gauteng,Tembisa
CUST-164245,Sithembiso Somfula,Checkers,Retail,Online,Gauteng,Johannesburg
CUST-448323,Vusumuzi Magolwana,Checkers,Retail,In-Store,Western Cape,Stellenbosch
CUST-129074,Mnqobi Mlondo,Shoprite,Retail,In-Store,Western Cape,Cape Town
CUST-103165,Busisiwe Magoza,Checkers,Wholesale,In-Store,Gauteng,Johannesburg
CUST-455100,Mandla Masina,Shoprite,Bulk,Online,Northern Cape,Kimberley
CUST-618416,Sithembiso Mbongwe,Checkers Sixty60,Retail,In-Store,Northern Cape,Kimberley
CUST-649686,Nomthandazo Gubulundu,Checkers,Wholesale,In-Store,Western Cape,Cape Town
CUST-542164,Mlungisi Sothole,Usave,Retail,In-Store,Gauteng,Tembisa
CUST-646694,Mandlakhe Dladla,Shoprite,Bulk,Online,Gauteng,Pretoria
CUST-351962,SimphiweyiNkosi Vilakazi-Khumalo,Shoprite,Wholesale,In-Store,Mpumalanga,Mbombela
CUST-681122,Mnumzane Minenhle Fakazi,Checkers,Retail,In-Store,Northern Cape,Kimberley
CUST-282481,Zinhle Boyabenyathi-Siwele,Checkers,Wholesale,In-Store,Western Cape,Cape Town
CUST-114545,Jabulani Nsele,Shoprite,Retail,Online,Western Cape,Stellenbosch
CUST-518158,Nomvula Gcaba,Shoprite,Wholesale,Online,Gauteng,Soweto
CUST-618601,Thabisile Jili,Usave,Bulk,In-Store,Free State,Bloemfontein
CUST-547466,Bhuti Lungile Makhathini,Checkers Sixty60,Retail,Online,Limpopo,Polokwane
CUST-856695,Nobantu Mahulube,Checkers Sixty60,Bulk,Online,KwaZulu-Natal,Pietermaritzburg
CUST-203644,Nkosikazi Bhekokwakhe Gina,Shoprite,Wholesale,Online,Western Cape,Stellenbosch
CUST-525071,Mnumzane Nhlanhla Goba,Checkers,Wholesale,In-Store,Gauteng,Pretoria
CUST-242261,Langalibalele Dladla,Checkers Sixty60,Bulk,In-Store,KwaZulu-Natal,Pietermaritzburg
CUST-290914,Siphesihle Nonkululeko,Checkers,Bulk,Online,Western Cape,Stellenbosch
CUST-936794,SimphiweyiNkosi Khumbuza,Shoprite,Wholesale,In-Store,Western Cape,Cape Town
CUST-671935,Ndumiso Vangisa,Checkers,Retail,In-Store,Western Cape,Cape Town
CUST-691738,Thabisile Ngazitha,Usave,Wholesale,In-Store,Gauteng,Johannesburg
CUST-292522,Nomcebo Mncwanga-Kweyama,Usave,Bulk,Online,Western Cape,Cape Town
CUST-972086,Siyabonga Gotsholo-Mpunzana,Usave,Wholesale,In-Store,KwaZulu-Natal,Pietermaritzburg
CUST-982083,Busisiwe Nondlela-Mdluli,Usave,Bulk,Online,KwaZulu-Natal,Durban
CUST-770551,Nothando Xala,Checkers,Retail,In-Store,North West,Rustenburg
CUST-673084,Lungile Goba,Checkers Sixty60,Retail,Online,Northern Cape,Kimberley
CUST-848316,Nobantu Goje,Checkers,Bulk,In-Store,Western Cape,Stellenbosch
CUST-977898,Nkosazana Ndumiso Mbhense,Checkers Sixty60,Retail,In-Store,Gauteng,Johannesburg
CUST-682747,Khanyisile Nodlomo,Checkers,Retail,In-Store,KwaZulu-Natal,Pietermaritzburg
CUST-614635,Bhuti Mandlakhe Sishangwe,Usave,Bulk,In-Store,Gauteng,Johannesburg
CUST-208968,Siyabonga Dumakude,Usave,Bulk,In-Store,Western Cape,Cape Town
CUST-260338,Thando Mdakane,Checkers,Retail,Online,Limpopo,Polokwane
CUST-693415,Nomathalente Mnqayi,Checkers,Retail,Online,Gauteng,Soweto
CUST-394574,Langalibalele Sishi-Mazwi,Usave,Retail,In-Store,Gauteng,Pretoria
CUST-300751,Nkosazana Nkazimulo Ngcolosi,Checkers Sixty60,Retail,Online,KwaZulu-Natal,Durban
CUST-651864,Nqobizitha Gcugcwa,Shoprite,Retail,Online,North West,Rustenburg
CUST-343717,Zenzele Dlamlenze,Shoprite,Bulk,In-Store,Limpopo,Polokwane
CUST-433657,Nomalanga Ntshiza,Checkers Sixty60,Retail,In-Store,KwaZulu-Natal,Pietermaritzburg
CUST-490601,Miss Nobuhle Mazalankosi,Shoprite,Bulk,In-Store,Western Cape,Cape Town
CUST-317070,Njabulo Mvelase,Usave,Retail,Online,Western Cape,Cape Town
CUST-944550,Mandla Nomndayi,Checkers Sixty60,Retail,In-Store,Gauteng,Johannesburg
CUST-827089,Nomasonto Wanda,Checkers Sixty60,Wholesale,In-Store,Western Cape,Cape Town
CUST-622573,Baba Sibusiso Madonsela,Checkers,Bulk,Online,Northern Cape,Kimberley
CUST-548218,Thuthukile Mabuyakhulu,Shoprite,Wholesale,Online,Limpopo,Polokwane
CUST-471134,Sibonelo Mpumuza-Mgabadeli,Shoprite,Bulk,In-Store,Western Cape,Stellenbosch
CUST-929229,Baba Mthokozisi Gadlela,Usave,Bulk,In-Store,Gauteng,Pretoria
CUST-349898,Mnqobi Nkumane-Hlongwa,Usave,Wholesale,In-Store,KwaZulu-Natal,Pietermaritzburg
CUST-504707,Nkosikazi Londiwe Nkomo,Shoprite,Bulk,In-Store,Mpumalanga,Mbombela
CUST-504617,Bhuti Nhlanhla Mzomba,Checkers Sixty60,Bulk,In-Store,Gauteng,Johannesburg
CUST-816130,Thalente Dikane,Checkers Sixty60,Wholesale,In-Store,Gauteng,Tembisa
CUST-561237,Mrs. Nokulunga Gina,Checkers,Retail,In-Store,Gauteng,Soweto
CUST-517592,Mama Thandazile Mathenjwa,Checkers Sixty60,Retail,Online,Gauteng,Tembisa
CUST-275551,Busisiwe Fanisa,Checkers Sixty60,Bulk,In-Store,KwaZulu-Natal,Pietermaritzburg
CUST-704155,Nozizwe Mgcaleka,Shoprite,Bulk,In-Store,Western Cape,Cape Town
CUST-505863,Musa Sangwani,Shoprite,Wholesale,Online,Western Cape,Stellenbosch
CUST-316733,Ms. Bhekokwakhe Ngomane,Usave,Retail,Online,Mpumalanga,Mbombela
CUST-529855,Dumisile Mzomba,Checkers,Retail,In-Store,North West,Rustenburg
CUST-849242,S'fiso Mbuyisa,Shoprite,Retail,In-Store,Gauteng,Soweto
CUST-153672,Zenzele Nontanda,Checkers,Bulk,Online,Gauteng,Johannesburg
CUST-139803,Nqobizitha Nqumela,Checkers,Retail,In-Store,Gauteng,Pretoria
CUST-199485,Mnumzane Sibusiso Ayize,Checkers,Bulk,In-Store,KwaZulu-Natal,Durban
CUST-889320,Thembekile Gumede,Shoprite,Bulk,Online,Northern Cape,Kimberley
CUST-974555,Luyanda Dlangamandla,Shoprite,Wholesale,Online,KwaZulu-Natal,Pietermaritzburg
CUST-473557,Sandile Phathwayo-Mdlalose,Checkers,Retail,In-Store,KwaZulu-Natal,Pietermaritzburg
CUST-479916,Sandile Gubhuza,Checkers,Wholesale,Online,KwaZulu-Natal,Pietermaritzburg
CUST-927812,Mama Amahle Nomvuma,Usave,Wholesale,Online,Limpopo,Polokwane
CUST-449359,Jabulani Mncwabe,Usave,Wholesale,In-Store,Gauteng,Tembisa
CUST-436962,Sphiwe Dindi,Shoprite,Bulk,Online,Western Cape,Stellenbosch
CUST-279400,Mandla Msimang,Checkers Sixty60,Wholesale,Online,Gauteng,Johannesburg
CUST-484797,Nomcebo Majoka,Shoprite,Retail,In-Store,Gauteng,Johannesburg
CUST-693901,Nhlanhla Gwamanda,Checkers,Retail,In-Store,KwaZulu-Natal,Durban
CUST-896474,Mlungisi Ngobese-Mngadi,Checkers Sixty60,Retail,Online,Mpumalanga,Mbombela
CUST-827324,Owethu Mhlabandlovu,Checkers,Wholesale,In-Store,Mpumalanga,Mbombela
CUST-609226,Olwethu Mngwemkhulu,Checkers Sixty60,Bulk,In-Store,Gauteng,Johannesburg
CUST-673582,Olwethu Mvelase,Shoprite,Retail,In-Store,Northern Cape,Kimberley
CUST-342534,Nkosazana Gugu Madlanduna,Shoprite,Wholesale,Online,Gauteng,Tembisa
CUST-536842,Thandiwe Hlumakazi,Checkers,Retail,Online,Gauteng,Tembisa
CUST-518235,Njabulo Ludonga,Shoprite,Bulk,In-Store,North West,Rustenburg
CUST-992478,Vusumuzi Dlebenkomo-Bhengu,Shoprite,Retail,In-Store,Gauteng,Tembisa
CUST-619729,Dr. Andile Mazibuko,Usave,Bulk,In-Store,Western Cape,Stellenbosch
CUST-592610,Nhlanhla Xhakaza,Checkers,Bulk,Online,KwaZulu-Natal,Durban
CUST-454384,Dr. Sibonelo Ndawo,Checkers,Bulk,Online,Northern Cape,Kimberley
CUST-882701,Bandile Gatsheni,Checkers Sixty60,Wholesale,In-Store,KwaZulu-Natal,Pietermaritzburg
CUST-719493,Dr. Lwandile Sengwayo,Checkers Sixty60,Wholesale,Online,KwaZulu-Natal,Pietermaritzburg
CUST-473241,Musa Sithole,Usave,Retail,Online,Mpumalanga,Mbombela
CUST-511720,Nomcebo Nkundlande,Shoprite,Wholesale,Online,Western Cape,Cape Town
CUST-200534,Mr. Bhekani Binda,Shoprite,Bulk,Online,Free State,Bloemfontein
CUST-306552,Lungile Mnangwe,Usave,Wholesale,Online,KwaZulu-Natal,Pietermaritzburg
CUST-777375,Luyanda Ndaba-Gabadela,Usave,Bulk,In-Store,Mpumalanga,Mbombela
CUST-424539,Ndumiso Ngidi,Shoprite,Wholesale,In-Store,Free State,Bloemfontein
CUST-421904,Dumisile Phingoshe,Shoprite,Wholesale,Online,Gauteng,Pretoria
CUST-742268,Zenzele Masango,Checkers,Retail,Online,Northern Cape,Kimberley
CUST-470870,Bhekani Ngwane,Usave,Wholesale,Online,Gauteng,Pretoria
CUST-762014,Olwethu Khathi,Checkers,Retail,Online,Gauteng,Tembisa
CUST-188740,Thembeka Soduba,Usave,Bulk,In-Store,Gauteng,Soweto
CUST-288266,Thandeka Madlanduna,Checkers Sixty60,Bulk,In-Store,Limpopo,Polokwane
CUST-629112,Bhekisisa Ndawo,Checkers,Retail,Online,Free State,Bloemfontein
CUST-556174,Bhuti Mcebisi Bikwayo,Usave,Retail,In-Store,Free State,Bloemfontein
CUST-212872,Zibuyile Gwanyana-Maphanga,Shoprite,Wholesale,Online,Gauteng,Pretoria
CUST-560126,Lungile Soduba,Checkers Sixty60,Retail,Online,Mpumalanga,Mbombela
CUST-562216,Jabulani Mafulela,Checkers,Retail,Online,Mpumalanga,Mbombela
CUST-509472,Zenzele Langeni,Shoprite,Retail,Online,Western Cape,Cape Town
CUST-625523,Miss Ndumiso Mbhele,Usave,Bulk,In-Store,Free State,Bloemfontein
CUST-822914,Dade Nozizwe Gubhuza,Shoprite,Wholesale,In-Store,KwaZulu-Natal,Durban
CUST-345861,Sphiwe Mnikathi,Checkers,Retail,In-Store,Western Cape,Cape Town
CUST-112503,Nomusa Makhubo,Checkers Sixty60,Retail,Online,Limpopo,Polokwane
CUST-138957,Mama Olwethu Makhunga,Checkers Sixty60,Bulk,In-Store,Free State,Bloemfontein
CUST-221847,Bhekani Magujwa-Mahlase,Usave,Wholesale,In-Store,KwaZulu-Natal,Durban
CUST-230013,Dr. Sihawukele Miya,Checkers Sixty60,Wholesale,Online,Limpopo,Polokwane
CUST-352572,Bhekisisa Mbonane-Sabela,Usave,Bulk,Online,Gauteng,Soweto
CUST-847481,Sithembiso Mthombeni,Checkers Sixty60,Wholesale,Online,Gauteng,Tembisa
CUST-950026,Nokulunga Mnqamu,Usave,Bulk,Online,Northern Cape,Kimberley
CUST-275116,Musa Mathaba,Shoprite,Bulk,Online,KwaZulu-Natal,Durban
CUST-928873,Nhlanhla Nene,Shoprite,Wholesale,Online,KwaZulu-Natal,Pietermaritzburg
CUST-960058,Thando Mahaye,Checkers Sixty60,Bulk,Online,Gauteng,Tembisa
CUST-605893,Jabulani Mdaka,Checkers,Wholesale,Online,North West,Rustenburg
CUST-832187,Nobantu Mzilankatha,Usave,Wholesale,Online,Mpumalanga,Mbombela
CUST-827741,Nkosikazi Nomagugu Madela,Shoprite,Wholesale,Online,Western Cape,Cape Town
CUST-503641,Thando Mcanyana-Mhlongo,Checkers Sixty60,Retail,In-Store,Gauteng,Johannesburg
CUST-322776,Sandile Xaba,Shoprite,Bulk,In-Store,Gauteng,Pretoria
CUST-491857,Nonjabulo Majozi,Checkers,Retail,Online,Northern Cape,Kimberley
CUST-775246,Nomasonto Vangisa,Checkers,Bulk,In-Store,Gauteng,Pretoria
CUST-849280,Thembisile Mthimkhulu,Shoprite,Bulk,Online,Gauteng,Johannesburg
CUST-572713,Langalibalele Mnyoni,Usave,Retail,In-Store,Gauteng,Soweto
CUST-393182,Vusumuzi Mngomezulu,Usave,Wholesale,Online,KwaZulu-Natal,Pietermaritzburg
CUST-260067,Thuthukile Siyeshe,Shoprite,Wholesale,In-Store,Free State,Bloemfontein
CUST-533259,Nkosikazi Nqobizitha Khosini,Usave,Retail,In-Store,Gauteng,Johannesburg
CUST-184972,Bhekokwakhe Tukane,Checkers,Bulk,Online,Northern Cape,Kimberley
CUST-281848,Thabani Mathonsi,Checkers,Bulk,In-Store,KwaZulu-Natal,Pietermaritzburg
CUST-119427,Nothando Ndonga,Checkers,Retail,Online,Northern Cape,Kimberley
CUST-540465,Thabisile Sithombo,Usave,Retail,In-Store,Western Cape,Cape Town
CUST-910480,Mr. Njabulo Ngobese,Usave,Wholesale,In-Store,Free State,Bloemfontein
CUST-311989,Dade Zibuyile Mlangeni,Checkers Sixty60,Retail,Online,Free State,Bloemfontein
CUST-135524,Dr. Siphesihle Mdonswa,Checkers,Retail,Online,Free State,Bloemfontein
CUST-824558,Thembisile Mnyandu,Usave,Wholesale,In-Store,North West,Rustenburg
CUST-514975,Nomthandazo Nombhoco,Checkers Sixty60,Retail,Online,Western Cape,Cape Town
CUST-666109,Mzamo Yei,Shoprite,Wholesale,In-Store,Western Cape,Cape Town
CUST-166698,Mandlakhe Khezokhulu-Mshikila,Checkers,Retail,In-Store,Mpumalanga,Mbombela
CUST-253521,Siyabonga Anele,Shoprite,Wholesale,In-Store,North West,Rustenburg
CUST-342472,Mrs. Nokulunga Mlungisi,Checkers Sixty60,Bulk,In-Store,Western Cape,Stellenbosch
CUST-309518,Sphiwe Mdlumbi,Checkers,Wholesale,In-Store,Northern Cape,Kimberley
CUST-840622,Mrs. Busisiwe Kubheka,Shoprite,Bulk,In-Store,Gauteng,Johannesburg
CUST-343116,Mr. Lwandile Fihlela,Checkers Sixty60,Wholesale,Online,KwaZulu-Natal,Pietermaritzburg
CUST-914892,Mnumzane Mzamo Mzila,Checkers Sixty60,Retail,In-Store,Gauteng,Johannesburg
CUST-287569,Bandile Jobe-Malambule,Checkers,Bulk,In-Store,Mpumalanga,Mbombela
CUST-578848,Ms. Nomusa Ndonga,Usave,Bulk,In-Store,Gauteng,Soweto
CUST-209811,Siyabonga Bhedleni,Checkers Sixty60,Bulk,Online,Gauteng,Soweto
CUST-197000,Noxolo Thango,Checkers Sixty60,Wholesale,In-Store,Northern Cape,Kimberley
CUST-522837,Thalente Mabuya-Maduna,Shoprite,Retail,In-Store,Free State,Bloemfontein
CUST-556781,Dr. Nomusa Gcwensa,Usave,Wholesale,Online,North West,Rustenburg
CUST-290319,Baba Zenzele Mpangazitha,Shoprite,Wholesale,In-Store,Free State,Bloemfontein
CUST-724220,Vusumuzi Ngcobo-Mnqamu,Checkers Sixty60,Bulk,In-Store,Gauteng,Johannesburg
CUST-221031,Sandile Mbanjwa,Checkers,Bulk,In-Store,Gauteng,Tembisa
CUST-854076,Vusumuzi Nyazitla,Checkers Sixty60,Bulk,Online,Mpumalanga,Mbombela
CUST-555494,Musa Mgobhozi,Checkers Sixty60,Wholesale,Online,Limpopo,Polokwane
CUST-506220,Zenzele Mkhonza-Jali,Shoprite,Bulk,In-Store,Gauteng,Johannesburg
CUST-648079,Vusumuzi Dimbani,Checkers,Bulk,In-Store,Western Cape,Cape Town
CUST-875069,Baba Vusumuzi Fenya,Shoprite,Retail,In-Store,Gauteng,Soweto
CUST-999224,Nobantu Shazi-Mkhungo,Checkers Sixty60,Wholesale,Online,Gauteng,Soweto
CUST-445919,Bhekani Mnquhe,Shoprite,Retail,Online,North West,Rustenburg
CUST-256522,Vusumuzi Mlalane,Shoprite,Wholesale,In-Store,KwaZulu-Natal,Durban
CUST-465475,Thabani Mzileni,Shoprite,Retail,Online,Free State,Bloemfontein
CUST-111456,Nothando Mthiyane-Phakathwayo,Usave,Wholesale,Online,Western Cape,Cape Town
CUST-419982,Thembile Nomndayi,Checkers,Bulk,In-Store,Western Cape,Stellenbosch
CUST-293316,Thabisa Khaphela,Usave,Bulk,In-Store,Gauteng,Johannesburg
CUST-746459,Nomalanga Wasendlunkulu,Checkers,Retail,In-Store,KwaZulu-Natal,Durban
CUST-757111,Mnumzane Mthokozisi Mhlambo,Checkers Sixty60,Retail,Online,Western Cape,Stellenbosch
CUST-111233,Mandlakhe Sondisa,Checkers,Wholesale,In-Store,KwaZulu-Natal,Pietermaritzburg
CUST-304484,Thandeka Mcanyana,Checkers,Retail,In-Store,Mpumalanga,Mbombela
CUST-748792,Thabisile Ngubeni,Checkers Sixty60,Wholesale,In-Store,Gauteng,Tembisa
CUST-527451,Nokulunga Sontuli-Mkhatshwa,Checkers Sixty60,Wholesale,Online,Gauteng,Soweto
CUST-340708,Musa Dlakadla-Mathunjwa,Checkers Sixty60,Retail,In-Store,KwaZulu-Natal,Durban
CUST-403434,Zakhele Mseleku,Usave,Bulk,Online,Gauteng,Tembisa
CUST-597957,Ndumiso Mayisela,Checkers Sixty60,Retail,Online,Mpumalanga,Mbombela
CUST-710722,Zibuyile Biyase,Usave,Retail,Online,Free State,Bloemfontein
CUST-966619,Lungile Shombela,Usave,Wholesale,In-Store,Mpumalanga,Mbombela
CUST-493052,Thabisa Ndabezitha,Checkers Sixty60,Wholesale,Online,Gauteng,Soweto
CUST-559960,Vusumuzi Ngwane,Checkers Sixty60,Wholesale,Online,North West,Rustenburg
CUST-609245,Miss Thandiwe Sokhulu,Shoprite,Bulk,Online,Limpopo,Polokwane
CUST-380051,Thando Ntamonde,Checkers Sixty60,Retail,Online,Limpopo,Polokwane
CUST-410175,Thalente Mashaba,Usave,Retail,In-Store,Limpopo,Polokwane
CUST-487875,Mthokozisi Dimbane,Checkers Sixty60,Wholesale,Online,Limpopo,Polokwane
CUST-648792,Nkosazana Nobuhle Mpungose,Checkers,Wholesale,Online,Mpumalanga,Mbombela
CUST-345089,Mrs. Nonjabulo Sibalukhulu,Checkers Sixty60,Bulk,Online,KwaZulu-Natal,Pietermaritzburg
CUST-582618,Nomasonto Mbhense-Mdlenevu,Checkers Sixty60,Retail,Online,KwaZulu-Natal,Pietermaritzburg
CUST-707168,Zenzile Khuba,Shoprite,Bulk,In-Store,Western Cape,Cape Town
CUST-867794,Dr. Nhlanhla Mzila,Checkers,Bulk,Online,Northern Cape,Kimberley
CUST-811726,Mandlakhe Xulu,Usave,Wholesale,In-Store,KwaZulu-Natal,Pietermaritzburg
CUST-774361,Nozizwe Mnyandu,Shoprite,Retail,Online,Limpopo,Polokwane
CUST-233948,Dumisile Binda,Checkers Sixty60,Wholesale,Online,KwaZulu-Natal,Pietermaritzburg
CUST-669198,Andile Nyazitla,Shoprite,Wholesale,In-Store,Free State,Bloemfontein
CUST-671782,Nkosazana Nomasonto Myeza,Usave,Bulk,In-Store,Gauteng,Pretoria
CUST-666771,Miss Thalente Phetha,Checkers,Bulk,Online,Gauteng,Johannesburg
CUST-896510,Silondile Njiki,Checkers,Bulk,Online,Gauteng,Soweto
CUST-954756,Mandlakhe Mhlabandlovu,Checkers,Wholesale,In-Store,Gauteng,Pretoria
CUST-349540,Nqobizitha Dlamdaka,Checkers Sixty60,Wholesale,In-Store,North West,Rustenburg
CUST-374157,Dumisani Ndinisa,Usave,Wholesale,In-Store,Limpopo,Polokwane
CUST-224501,Siyabonga Sameya,Shoprite,Bulk,Online,Gauteng,Johannesburg
CUST-429950,Bandile Gumbi,Checkers Sixty60,Bulk,In-Store,Western Cape,Stellenbosch
CUST-716539,Nozizwe Mbotho,Checkers,Wholesale,Online,KwaZulu-Natal,Durban
